Beer,Brewery,Style,YourRating,GlobalRating
Roxie Irish Red,Boone Valley Brewing Company,Red Ale - Irish,3.25,3.59
Willettized Coffee Stout,Lagunitas Brewing Company,Stout - Imperial / Double Coffee,4,4.16
Year 9 (Teal Label),Cycle Brewing Company,Stout - Imperial / Double,4.25,4.43
Hazel,Mortalis Brewing Company,Stout - Imperial / Double Coffee,4.5,4.41
Nightmare On Brett (Aged in Leopold Bros Whiskey Barrels),Crooked Stave Artisan Beer Project,Wild Ale - American,4,4.25
She Shot First,Bottle Logic Brewing,IPA - New England / Hazy,4,3.99
Fragaria,Main & Mill Brewing Company,Stout - Pastry,4.25,4.07
No Quams About It,Pulpit Rock Brewing Company,IPA - American,3.75,3.97
Cloth Ears,Lua Brewing,Sour - Fruited,3.5,3.98
Pushpop: Blastin’ Bajas,Lua Brewing,Sour - Fruited,4.5,4.28
Ope Sorry 'Bout That,Big Grove Brewery,IPA - Imperial / Double New England / Hazy,3.75,3.99
Rauch Helles,Big Grove Brewery,Smoked Beer,4,3.62
Pushpop: Fully Loaded,Lua Brewing,Sour - Fruited,4.5,4.39
Say Yes,Lua Brewing,Sour - Fruited,4.25,4.42
More S'More,Boulevard Brewing Co.,Stout - Imperial / Double Pastry,1,4.02
Year 9 (Red Label),Cycle Brewing Company,Stout - Imperial / Double Pastry,4.5,4.44
Air Whale Hell,Anchorage Brewing Company,Stout - Imperial / Double,4.25,4.14
Bourbon Barrel Aged Dark Star (2021),Fremont Brewing,Stout - Imperial / Double Oatmeal,4.25,4.4
Elmer NMT,Omnipollo,Stout - Imperial / Double Pastry,4.25,4.29
Barrel Aged Work From Home (2022),Cerebral Brewing,Porter - Imperial / Double Coffee,4,4.32
KBS Hazelnut,Founders Brewing Co.,Stout - Imperial / Double Coffee,4.25,4.18
Grackle,Lua Brewing,Stout - Imperial / Double,4.5,4.58
Pumpkin Vanilla Bean,Infusion Brewing Company,Pumpkin / Yam Beer,3,3.67
Tropical Jam,Big Grove Brewery,Sour - Fruited,3.75,3.88
Mallow Vibes Orange Marshmallow Sour,Backpocket Brewing,Sour - Smoothie / Pastry,4,4.08
Mornin' Delight (2022),Toppling Goliath Brewing Co.,Stout - Imperial / Double Coffee,4.5,4.55
Assassin Vanilla Bean (2022),Toppling Goliath Brewing Co.,Stout - Imperial / Double,5,4.78
Term Oil Coconut Monster Cookie,Toppling Goliath Brewing Co.,Stout - Imperial / Double,4.5,4.5
Assassin Bramble Barrel,Toppling Goliath Brewing Co.,Stout - Imperial / Double,4.5,4.49
Assassin 2022,Toppling Goliath Brewing Co.,Stout - Imperial / Double,4.25,4.57
Wander,Lua Brewing,Stout - Imperial / Double,4.5,4.37
The Void,Drake's Brewing Company,Stout - Imperial / Double,4.25,4.28
"Sweets - Strawberry, Blackberry, Marshmallow & Lactose",Mountains Walking Brewery,Sour - Smoothie / Pastry,4.25,4.2
Orange Shandy,West O Beer,Shandy / Radler,3,3.42
5th Anniversary Barrel Aged Imperial Stout Blend,Bombastic Brewing ,Stout - Imperial / Double,3.75,4.31
Abraxas (2021),Perennial Artisan Ales,Stout - Imperial / Double,4.5,4.4
2020 Dark Charge Bourbon Barrel Aged,Braxton Brewing Company,Stout - Imperial / Double,3.5,4.15
Blue Ribbon Cinnamon Roll Stout,Lion Bridge Brewing Company,Stout - Imperial / Double Milk,3.75,3.95
Peanut Butter Fluff,Gezellig Brewing Company,Lager - Amber,4,3.89
Mango Coaster,Toppling Goliath Brewing Co.,Lager - American,3.75,3.91
Oktoberfest,Toppling Goliath Brewing Co.,Märzen,3.5,3.82
Birthday Boi,Gezellig Brewing Company,Stout - Imperial / Double,4,4.22
Chocofetti (6th Anniversary Stout),Lion Bridge Brewing Company,Stout - Imperial / Double Milk,4,4.23
The Details,Marto Brewing Company,Sour - Fruited,3.75,3.93
Within Us,Anchorage Brewing Company,IPA - Imperial / Double,4.25,4.25
Noema - Blend No. 3,New Image Brewing,Stout - Imperial / Double,4.25,4.21
Long Haired Freaky People,Drekker Brewing Company,IPA - Imperial / Double New England / Hazy,3.5,3.97
Cryopreservation (2022),Bottle Logic Brewing,Stout - Imperial / Double Milk,5,4.26
Furthermore,Anchorage Brewing Company,Stout - Imperial / Double,4.5,4.58
Berry Patch Fandango,Toppling Goliath Brewing Co.,Sour - Fruited,3.5,4.25
Big Wave,Kona Brewing Company,Golden Ale,3.5,3.52
Pure Bliss,Barn Town Brewing,Stout - Imperial / Double,4,4.34
The Mother of the Ruler of the World,Drekker Brewing Company,Stout - Imperial / Double Pastry,4.5,4.27
Alchemy of Elements (2022),Bottle Logic Brewing,Stout - Imperial / Double,4.25,4.27
Candied Pecan (2022),Parish Brewing Co.,Stout - Imperial / Double Pastry,4,4.32
Steep Drop!,Boulevard Brewing Co.,Stout - Coffee,1.5,3.42
Continuous Ignition (2022),Bottle Logic Brewing,Stout - Imperial / Double Coffee,4.25,4.28
Nothing And Everything,Anchorage Brewing Company,IPA - New England / Hazy,4.25,4.07
There's An APPricot For That,7 Hills Brewing,Sour - Fruited,0.5,3.91
Pink Guava Massacre,Barn Town Brewing,Sour - Fruited Berliner Weisse,3.75,3.89
Pickle Tickle,Barn Town Brewing,Golden Ale,3.25,3.43
Nothing Is As It May Seem,Barn Town Brewing,IPA - New England / Hazy,4,3.96
Crushable Summer,Barn Town Brewing,Pale Ale - Other,3.5,3.57
"Extinction Event - Vic Secret, Sabro, & NZ Blend",Confluence Brewing Company,IPA - New England / Hazy,3.75,4.02
Batch 1613 Hazy Double IPA,Confluence Brewing Company,IPA - Imperial / Double New England / Hazy,4,4.15
Scars Are Beautiful,Kinship Brewing Co.,IPA - American,3.75,3.74
Chilly Billy,Kinship Brewing Co.,IPA - Session,3.5,3.62
Sheriff Dobeck,Kinship Brewing Co.,Stout - Imperial / Double,3.5,3.75
"Oh, Billy.",Kinship Brewing Co.,Pale Ale - American,3.75,3.71
E18 Light American Lager,E18 Brewing Co.,Lager - American Light,3.75,3.38
Cherry Bomb Blonde,Front Street Brewery (IA),Fruit Beer,3.75,3.6
Dem Beetuz Boiz (2022),Imprint Beer Co.,Stout - Imperial / Double Pastry,4.25,4.32
Barrel-Aged Hazelnut Imperial Stout with Cocoa Nibs (2021),Cycle Brewing Company,Stout - Imperial / Double Pastry,4.25,4.26
Spiked Smoothie Blueberry Lemonade,Connecticut Valley Brewing Company,Fruit Beer,4.25,3.64
Weekend,Prairie Artisan Ales,Stout - Imperial / Double Pastry,4.5,4.36
Talisman,Lua Brewing,Stout - Imperial / Double Pastry,4.5,4.44
Pushpop: Safari Flaps,Lua Brewing,Sour - Fruited,4.75,4.51
Wake the F Up Iowa Toffee,Backpocket Brewing,Stout - Russian Imperial,4,4.1
The Moon's Daughter,Anchorage Brewing Company,IPA - Imperial / Double New England / Hazy,4.25,4.15
Mosaic Extra Extra Juicy Bits,WeldWerks Brewing Co.,IPA - Imperial / Double New England / Hazy,4.5,4.29
Id No. 14,COOP Ale Works,Sour - Fruited,2.75,3.78
Vanilla Bean Ares,River Styx Brewing,Stout - Imperial / Double,3.75,4.07
Contrary Honey Wheat,Contrary Brewing Company,Wheat Beer - Other,2.75,3.8
Proper Pour,Boulevard Brewing Co.,Stout - Imperial / Double,3.5,4.18
Incognito Mode,Anchorage Brewing Company,IPA - Imperial / Double New England / Hazy,4,4.07
Peanut Butter Cup S'mores Absence of Light,4 Hands Brewing Company,Stout - Milk / Sweet,3.5,4.01
Coconut Medianoche (2022),WeldWerks Brewing Co.,Stout - Imperial / Double Pastry,4.75,4.49
MegaMint,Heathen Brewing,Stout - Imperial / Double Milk,,3.9
Some Grace,Lua Brewing,Sour - Fruited,4,4.1
Bourbon Barrel Aged Dark Star: Coffee Edition (2019),Fremont Brewing,Stout - Imperial / Double Oatmeal,3.75,4.35
Des Moines Breakfast Stout,Flix Brewhouse - Des Moines,Stout - Coffee,4,4.04
Damn Fine! Coffee IPA,Flix Brewhouse - Des Moines,IPA - American,3.75,3.75
Coffee Bear,Hop Butcher For The World,Stout - Imperial / Double Coffee,3.75,4.17
Incarnation IPA,4 Hands Brewing Company,IPA - American,3.5,3.81
Bath Bomb: Mango Coconut Marshmallow,Fifth Frame Brewing Co.,Sour - Fruited,4,4.26
Pale Ale,Schlafly - The Saint Louis Brewery,Pale Ale - English,3.25,3.42
"You're My Boy, Blue!",Brew Bus Brewing,Fruit Beer,3.75,3.66
Jai Low,Cigar City Brewing,IPA - Session,2.75,3.54
Margarita Gose,Cigar City Brewing,Sour - Fruited Gose,3.75,3.55
Florida Man,Cigar City Brewing,IPA - Imperial / Double,4.25,3.82
Hard Mountain Dew Original,Green Rebel Brewing Company,Flavored Malt Beverage,3,3.34
Hard Mountain Dew Black Cherry,Green Rebel Brewing Company,Flavored Malt Beverage,3,3.43
11th Anniversary Chocolate & Caramel Stout,Westbrook Brewing Co.,Stout - Imperial / Double Pastry,3.75,3.95
Sin Highway,New Anthem Beer Project,Stout - Imperial / Double,3.75,4.16
Big Bad Baptist Black Forest Cake,"Epic Brewing Co. (Utah, Colorado)",Stout - Imperial / Double,3.75,3.99
Barrel Aged Oco Noco,Lion Bridge Brewing Company,Stout - Imperial / Double Milk,4.75,4.51
Chocolate Mint Stout Aged In Kentucky Bourbon Barrels,Guinness Open Gate Brewery ,Stout - Imperial / Double Pastry,2.75,3.8
Strawberry Drive-In,Barn Town Brewing,IPA - Milkshake,3.75,4.15
Infinite Wishes (Bourbon Barrel Aged),Smog City Brewing Co.,Stout - Imperial / Double,3.75,4.12
Dark Cabaret (2021),Breakside Brewery,Stout - Imperial / Double,3.5,4.25
Cowboy Siesta,Fair-Weather Friend,Stout - Imperial / Double,4.25,4.25
Guayabera,Cigar City Brewing,Pale Ale - American,3.75,3.72
Lit - Watermelon,Barn Town Brewing,Sour - Other,4,4.04
Culinary Fuel,Barn Town Brewing,Sour - Fruited,4,3.87
Neon Beer Hug,Goose Island Beer Co.,IPA - American,3.75,3.66
Bourbon County Brand Cherry Wood Stout (2021),Goose Island Beer Co.,Stout - Imperial / Double,4,4.28
Remembered Time,Lion Bridge Brewing Company,Strong Ale - Other,4,4.22
St. Nick’s Christkindlbier,Confluence Brewing Company,Spiced / Herbed Beer,3.5,3.88
Campfire Compadre,NoCoast Beer Co,IPA - Session,3.75,3.6
Barrel Aged The Visitor Imperial Stout (Pure Liquid Cacao & Hazelnut) -- Batch I (12/1/2021),Alluvial Brewing Company,Stout - Imperial / Double,4,4.08
The Oracle,Anchorage Brewing Company,Sour - Fruited,3.25,4.06
Sugarwood Baklava,Boulevard Brewing Co.,Brown Ale - Imperial / Double,3.75,4.04
La Roja Variant Series Boysenberry And Guava,Jolly Pumpkin Artisan Ales,Sour - Flanders Red Ale,3.5,3.91
Ancient Magick (2021),Old Irving Brewing Co.,Stout - Imperial / Double,4.25,4.19
Royal Eddy,Big Grove Brewery,IPA - Imperial / Double New England / Hazy,4,4.13
Stickee Monkee (2016),Firestone Walker Brewing Company,Strong Ale - American,3.75,4.4
Big Bad Baptist Reserve (Release #6) ,"Epic Brewing Co. (Utah, Colorado)",Stout - Imperial / Double,4.25,4.26
Chocolate Milk Stout With Coconut,Barn Town Brewing,Stout - Milk / Sweet,4.25,4.05
Coffee Shop Vibes (2020),Shared,Stout - Russian Imperial,3.25,4.35
"Fruitcake Cookie Stout, Bourbon Barrel Aged Oatmeal Stout W/ Dried Fruit & Candied Pecans",Confluence Brewing Company,Stout - Imperial / Double,3.25,3.81
Oatbreaker,Flix Brewhouse - Des Moines,Stout - Oatmeal,3,3.9
Richard the Whale: Well Baked Richard,Big Grove Brewery,Stout - Russian Imperial,4.75,4.37
Adult Nap Time - Pecan,Millstream Brewing,Porter - Other,4,3.92
Green Leewood,Kinship Brewing Co.,Porter - American,3.25,3.72
Bourbon Barrel Aged Dark Star (2020),Fremont Brewing,Stout - Imperial / Double Oatmeal,4,4.39
Big Frooty Black Forest Cake,Barn Town Brewing,Sour - Smoothie / Pastry,4.25,4.17
Brian's Great Grape,Barn Town Brewing,Sour - Fruited,4.25,4.21
No Takezees Backzees,Barn Town Brewing,IPA - Imperial / Double,3.75,3.82
Barleywine (2021),Barn Town Brewing,Barleywine - English,3,3.72
Barleywine - Vanilla Cinnamon (2021),Barn Town Brewing,Barleywine - English,3.25,3.82
BA Cicada Killer - Maple Cinnamon Marshmallow (2021),Barn Town Brewing,Stout - Imperial / Double,4.25,4.2
Here,Lua Brewing,Stout - Other,4.75,4.41
Cranberry Gose,Third Space Brewing,Sour - Fruited Gose,3.25,3.59
Mocha Berry Bock (Thumbprint),New Glarus Brewing Company,Bock - Doppelbock,4,3.95
Medelyan Russian Imperial Stout,Great Dane Pub & Brewing Company,Stout - Russian Imperial,4,3.96
Blackout Brunch,Turning Point Beer,Stout - Imperial / Double Pastry,4.25,4.37
Vice Mixed Berries,Wild Barrel Brewing,Sour - Fruited Berliner Weisse,4.5,4.06
Island Life,Pulpit Rock Brewing Company,Sour - Other,4.5,4.33
Comfy Pants,Lion Bridge Brewing Company,Winter Warmer,3.75,3.79
Lemon Lime Sparkle,Thew Brewing Company ,Hard Seltzer,2.25,2.86
Swingin Sticks With Angry Chair,Humble Forager Brewery,Stout - Imperial / Double,3.75,3.95
Cordially Yours,Pulpit Rock Brewing Company,Sour - Smoothie / Pastry,4.25,4.15
"Braaaaaaaains - Blueberry, Black Currant, & Plum Double Fruit Smoothie Sour",Drekker Brewing Company,Sour - Smoothie / Pastry,4.25,4.29
Doomed,Anchorage Brewing Company,Stout - Imperial / Double Coffee,4.5,4.4
Coffee Vanilla Dire Wolf,Wolf's Ridge Brewing,Stout - Russian Imperial,3.75,4.18
Wake the Others,Anchorage Brewing Company,IPA - Triple New England / Hazy,4.75,4.27
Kentucky Brunch Brand Stout (2021),Toppling Goliath Brewing Co.,Stout - Imperial / Double,5,4.83
Mornin' Delight (2021),Toppling Goliath Brewing Co.,Stout - Imperial / Double Coffee,4.25,4.59
Mr Hoppy Pants,Pulpit Rock Brewing Company,IPA - Imperial / Double,4,4.23
Church Salad,Pulpit Rock Brewing Company,Sour - Smoothie / Pastry,4,4.18
Term Oil Mostra 7th Anniversary,Toppling Goliath Brewing Co.,Stout - Imperial / Double Coffee,5,4.44
Term Oil Breakfast Royale,Toppling Goliath Brewing Co.,Stout - Imperial / Double,4.75,4.45
2021 Dark Charge Mole,Braxton Brewing Company,Stout - Imperial / Double,4,4.03
9th Anniversary Stout,Backpocket Brewing,Stout - Russian Imperial,4.25,4.19
Big Bad Baptist Chocolate Raspberry (Release #2),"Epic Brewing Co. (Utah, Colorado)",Stout - Imperial / Double,4,4.16
Forced Flair,Toppling Goliath Brewing Co.,IPA - Imperial / Double New England / Hazy,4.25,4.12
Windy Wheat,Kinship Brewing Co.,Wheat Beer - American Pale Wheat,3.25,3.65
Foundation Series #1: Pinkies Out 2021,Court Avenue Brewing Company,Brown Ale - English,3.75,4.03
Bourbon County Brand Fourteen Stout (2021),Goose Island Beer Co.,Stout - Imperial / Double,4.5,4.44
Bourbon County Brand Classic Cola Stout (2021),Goose Island Beer Co.,Stout - Imperial / Double,4.5,4.1
Barrel-Aged Monogrammatic,Revision Brewing Company,Stout - Imperial / Double,3.75,4.32
El Jefe (2018),Madhouse Brewing Company,Stout - Imperial / Double,4.5,4.39
"Barrel Aged Cicada Killer - Cinnamon, Coconut, Caramel, & Chocolate - 2021",Barn Town Brewing,Stout - Imperial / Double Pastry,4.25,4.33
Velvet Merkin (2016),Firestone Walker Brewing Company,Stout - Imperial / Double Oatmeal,3.75,4.22
Montana Original Lager,Bayern Brewing,Lager - Pale,3,3.55
Bud Light Strawberry Lemonade,Anheuser-Busch,Lager - American Light,2.75,3.17
Samuel Adams Old Fezziwig,Samuel Adams,Old Ale,1.25,3.39
Barrel Aged Aurox Imperial Stout (Maple Syrup) -- Batch I (3/5/2021),Alluvial Brewing Company,Stout - Imperial / Double,4.5,4.26
Arctic Breakfast,Fox Brewing Company,Brown Ale - American,2.75,3.8
Iowa City Wave Mango Smoothie Selzer,Backpocket Brewing,Hard Seltzer,3.25,3.49
Jalapeño Pepper Ale,Bent River Brewing Company,Chilli / Chile Beer,3,3.29
Ghost Face Killah,Twisted Pine Brewing Company,Chilli / Chile Beer,2,2.85
Stuff of Legend,Boulevard Brewing Co.,Stout - Imperial / Double Pastry,4.25,4
Black Butte XXIV,Deschutes Brewery,Porter - Imperial / Double,4,4.25
Florida Stout (Coconut & Vanilla) [Batch 3],Voodoo Brewing Co.,Stout - Imperial / Double Pastry,4.5,4.2
Peanut Butter Volcano,Ferndale Project,Stout - Imperial / Double,4,4.1
Morning Light,Lua Brewing,Kellerbier / Zwickelbier,3.75,4.01
Wicked Joe,Lucky Bucket Brewing Company,Stout - Imperial / Double Oatmeal,4,4.11
Colossus,Lua Brewing,IPA - Triple,4,4.37
Sip N Slide Splashtastic Sour!,ReUnion Brewery,Sour - Fruited Berliner Weisse,4,3.64
Witches Brew,Vala's Pumpkin Patch,Cider - Herbed / Spiced / Hopped,3.75,3.81
Nebraska Classic Cider,Vala's Pumpkin Patch,Cider - Sweet,3.5,3.58
Nothing Ventured,Lua Brewing,Sour - Fruited,4.75,4.42
Nothing Gained,Lua Brewing,Sour - Fruited,4.5,4.36
"Bourbon Barrel Ferryman's, Bourbon Barrel Aged Russian Imperial Stout",Confluence Brewing Company,Stout - Russian Imperial,4.25,4.12
Black Betty Imperial Stout,Nebraska Brewing Company,Stout - Russian Imperial,3.75,4.06
Get Chocolate Wasted,Gezellig Brewing Company,Stout - Imperial / Double Milk,3.5,4.19
Beggars’ Night Imperial Stout (2021),Barn Town Brewing,Stout - Imperial / Double,2.75,3.33
Witch's Broom,Toppling Goliath Brewing Co.,IPA - Imperial / Double,4.25,4.01
Space Camper Cosmic IPA,Boulevard Brewing Co.,IPA - American,4,3.73
Frayja,Anchorage Brewing Company,Porter - Imperial / Double Baltic,4.5,4.34
Infinite Wishes Coconut & Vanilla (2021),Smog City Brewing Co.,Stout - Imperial / Double,4.25,4.31
Big Luau,515 Brewing Company,IPA - Imperial / Double Milkshake,3.75,4.06
"Frubulous - Raspberry, Orange, Lime & Sherbert",Deciduous Brewing Company,Sour - Fruited,4.25,4.27
Lick the Spoon,White Elm Brewing Company,Stout - Imperial / Double Milk,4,4.17
Greenbelt IPA,515 Brewing Company,IPA - American,4,3.87
Flying Seahorses,Toppling Goliath Brewing Co.,IPA - Imperial / Double New England / Hazy,4.25,4.18
Everybody Love Everybody,Drekker Brewing Company,Sour - Smoothie / Pastry,3.25,4.17
Kindness,Anchorage Brewing Company,IPA - Session,4.75,3.94
Chocolate Chip Flapjack Special,WeldWerks Brewing Co.,Stout - Imperial / Double Milk,4.25,4.19
Dire Wolf Yub Nub,Wolf's Ridge Brewing,Stout - Russian Imperial,4,4.16
Lilith's Brethren,Anchorage Brewing Company,IPA - Imperial / Double,4.25,4.15
Coven (Ghost 1049),Adroit Theory,Stout - Russian Imperial,4,3.97
H.A.Z.Y. IPA,SweetWater Brewing Company,IPA - New England / Hazy,3.75,3.74
Fresh Batch Series: S'mores,Toppling Goliath Brewing Co.,Stout - Imperial / Double Pastry,4.25,4.15
Ol’ Griz Barleywine (Barrel Aged) 2020,Boone Valley Brewing Company,Barleywine - American,2.25,4.08
The Abyss (2010),Deschutes Brewery,Stout - Imperial / Double,2.5,4.41
"Barrel Aged Cicada Killer – Coffee, Macadamia Nut, & Chocolate",Barn Town Brewing,Stout - Imperial / Double Pastry,4.5,4.41
Oktoberfest,Barn Town Brewing,Märzen,3.5,3.63
Bluffing Isn't Weisse,Bad Beat Brewing,Wheat Beer - Hefeweizen,3.5,3.64
LightSky Citrus Wheat,Blue Moon Brewing Company,Wheat Beer - Other,3.5,3.29
Modelo Especial,Grupo Modelo,Lager - Mexican,3.5,3.11
Death By Flapjacks,Oskar Blues Brewery,Porter - English,3.5,3.84
Vanilla Pumpkin Beer,O'Fallon Brewery,Pumpkin / Yam Beer,3,3.71
Foster's Lager,Carlton & United Breweries,Lager - Pale,2.5,2.78
Marzen,ReUnion Brewery,Märzen,2.75,3.67
Pineapple Haze,Jefferson County Ciderworks,Cider - Traditional / Apfelwein,3.5,4.06
Tropical Pineapple,Jefferson County Ciderworks,Cider - Other Fruit,3.5,3.71
Double Blackberry Sour,Big Grove Brewery,Sour - Fruited,4,3.91
Mai Tai,903 Brewers,Sour - Fruited Berliner Weisse,4.5,4.18
"Jammy Pants (Raspberry, Cherry and Lime)",Great Notion Brewing,Sour - Fruited,4,4.13
Traeblod,Mikkeller Brewing San Diego,Stout - Imperial / Double,4.25,4.09
Clonefest,Backpocket Brewing,Festbier,3.75,3.68
Bakery: Boysenberry Pie (2021),The Bruery,Stout - Imperial / Double Pastry,4,3.94
Pseudo Seltzer - Pineapple,Toppling Goliath Brewing Co.,Hard Seltzer,2.75,3.69
Pseudo Seltzer - Strawberry,Toppling Goliath Brewing Co.,Hard Seltzer,3.25,3.62
Star Gazing with 8th State,Humble Forager Brewery,Stout - Imperial / Double Pastry,4.5,4.2
13,Surly Brewing Company,Stout - Imperial / Double Milk,4.5,4.3
Into Nothingness,Anchorage Brewing Company,Stout - Imperial / Double,4.25,4.31
Tired But Wired,Anchorage Brewing Company,Stout - Imperial / Double Coffee,4.75,4.44
Ordiata,Double Shift Brewing Company,Stout - Milk / Sweet,3.5,3.77
King of Everything,Tripping Animals Brewing Co.,IPA - Triple New England / Hazy,4.25,4.17
Beer Geek S’mores Shake,Mikkeller Brewing San Diego,Stout - Imperial / Double Pastry,3.5,3.68
Pseudo Seltzer - Watermelon ,Toppling Goliath Brewing Co.,Hard Seltzer,3.75,3.66
Pseudo Seltzer - Mango,Toppling Goliath Brewing Co.,Hard Seltzer,3.75,3.68
Cherry Lime Margarita,Contrary Brewing Company,Sour - Fruited Gose,4.25,3.77
SCIENCE!,WeldWerks Brewing Co.,Sour - Fruited Berliner Weisse,4.25,4.14
Barrel Aged Aurox Imperial Stout (Cacao Nibs & Raspberries) -- Batch II (8/13/2021),Alluvial Brewing Company,Stout - Imperial / Double,4.5,4.09
Single Origin,4 Hands Brewing Company,Stout - Imperial / Double,3.5,4.15
Wednesday (2021),Cycle Brewing Company,Stout - Imperial / Double,4.25,4.22
Dark Hollow,Blue Mountain Brewery,Stout - Imperial / Double,4,4
Double Local Dream Mirror,Modist Brewing Co.,IPA - Imperial / Double New England / Hazy,4.25,4.2
"TO THE MILKY WAY & BACK II - RASPBERRY, STRAWBERRY, BLACKBERRY, VANILLA",Evil Twin Brewing NYC,IPA - Milkshake,4.75,4.43
Sweet Baby Jesus!,DuClaw Brewing Company,Porter - American,3.75,3.83
Double Dry Hopped Stacks On Stacks,Other Half Brewing Co.,IPA - Imperial / Double,4,4.32
I.P.A.,Katz's Delicatessen,IPA - American,3.75,3.56
Braaaaaaaains - Strawberry & Lemon,Drekker Brewing Company,Sour - Smoothie / Pastry,4.25,4.23
Green City,Other Half Brewing Co.,IPA - American,4.25,4.14
Rick's Red Ale,Dempsey's Brew Pub and Restaurant,Red Ale - Irish,3,3.17
Merman IPA,Coney Island Brewery,IPA - American,3.75,3.62
Brooklyn East IPA,Brooklyn Brewery,IPA - English,3.25,3.51
Brooklyn Lager,Brooklyn Brewery,Lager - Vienna,3,3.46
Watermelon Session Ale,Montauk Brewing Company,IPA - Session,3.25,3.47
Coconut Disaster,Lion Bridge Brewing Company,Porter - Other,3.5,3.81
Waitoreke NEIPA,Alluvial Brewing Company,IPA - New England / Hazy,4.25,3.97
Yard Sale,Lion Bridge Brewing Company,IPA - American,3,3.82
Big Pig In The City,Reclaimed Rails Brewing Company,Pilsner - German,4,3.65
Blueberry Muffin,Second State Brewing,Fruit Beer,3.75,3.65
Packout: Fruit Punch Shandy,West O Beer,Shandy / Radler,3.75,3.54
Bourbon-Wrapped Double Chocolate Cheesecake,Lion Bridge Brewing Company,Stout - Imperial / Double,3.75,4.11
Joy As An Act of Resistance,Lua Brewing,IPA - New England / Hazy,4.25,4.14
Birthday Bourbon County Brand Stout (2020),Goose Island Beer Co.,Stout - Imperial / Double,4.75,4.59
Barrel-Aged Narwhal,Sierra Nevada Brewing Co.,Stout - Imperial / Double,3.75,4.2
Pollinator,Contrary Brewing Company,Honey Beer,3.75,3.7
Home-Baked (2021),Lion Bridge Brewing Company,Stout - Imperial / Double,4.75,4.4
Most Premium Bourbon Barrel Aged Russian Imperial Stout (2021),Gigantic Brewing Company,Stout - Russian Imperial,4.25,4.19
Birthday Diva (2020),Marto Brewing Company,Stout - Imperial / Double,5,4.61
Soul Hunter,Toppling Goliath Brewing Co.,IPA - Imperial / Double,4.25,4.16
STRAIGHT FYRE,BlackStack Brewing,IPA - Imperial / Double New England / Hazy,4.5,4.31
Crazy Beaches Hazy Coconut IPA,NoCoast Beer Co,IPA - New England / Hazy,3.5,3.83
To Peach Their Own,NoCoast Beer Co,Sour - Berliner Weisse,3.75,3.67
Escape,Firetrucker Brewery,Wheat Beer - American Pale Wheat,3.75,3.51
Groovy Ruby,Barn Town Brewing,IPA - American,3.5,3.9
Luna Juice (2021),Pulpit Rock Brewing Company,IPA - Imperial / Double,4,4.15
Dusk Till Dusk (2020),Jailbreak Brewing Company,Stout - Imperial / Double,4.5,4.3
Marvoloso 2020: V08,Commonwealth Brewing Company,Stout - Imperial / Double Pastry,4.5,4.34
Sprankle,Transient Artisan Ales,Sour - Fruited,4,4.09
River Beer,Pulpit Rock Brewing Company,Shandy / Radler,4,3.7
Strawberry Milkshake,Lake Time Brewery,IPA - Milkshake,3,3.61
Lontra IPA,Alluvial Brewing Company,IPA - New England / Hazy,4.25,4.03
Froot Camp: Millions of Peaches,WeldWerks Brewing Co.,Sour - Fruited Berliner Weisse,4.5,4.22
Exit 1: Bayshore Oyster Stout (2021),Flying Fish Brewing Co.,Stout - Oyster,2.5,3.79
Dessert Cart - Sour Cinnabon,Mountains Walking Brewery,Stout - Imperial / Double Pastry,3.75,3.95
Cap’n Kooks On Pastry Island,Other Half Brewing Co.,Stout - Imperial / Double Pastry,4.5,4.26
Pastrytown 2021 - Chocolate Macadamia Nut,Other Half Brewing Co.,Stout - Imperial / Double,4.25,4.08
Månedalen,Pulpit Rock Brewing Company,Wheat Beer - Other,3.75,3.74
Cake Batter Drive-In,Barn Town Brewing,IPA - Milkshake,4,3.71
Hop Skewer,Barn Town Brewing,IPA - American,4.5,4.15
Cryo Citra Neon,Barn Town Brewing,IPA - New England / Hazy,4,4.03
Things We Don’t Say,Barn Town Brewing,IPA - New England / Hazy,3.75,3.92
The Real Slim Shandy,Barn Town Brewing,Shandy / Radler,3.75,3.67
Drunken Mornings,Brothers Craft Brewing,Stout - Imperial / Double Coffee,2.5,4.01
Language of Thunder Cumulus (2020),TrimTab Brewing Co.,Stout - Imperial / Double,4.25,4.18
Citra Sky,Exile Brewing Company,IPA - New England / Hazy,4,3.85
LOL.,Pulpit Rock Brewing Company,Stout - Imperial / Double Pastry,4.75,4.46
Glitter Bomb,Pulpit Rock Brewing Company,Sour - Fruited,4,4.19
Raspberry Lime,Truly Hard Seltzer,Hard Seltzer,3,3.08
NugMo,Toppling Goliath Brewing Co.,IPA - American,4,4.06
Pompeii Beach,Toppling Goliath Brewing Co.,IPA - American,3.25,3.72
Smile Saver Pale Ale,Pulpit Rock Brewing Company,Pale Ale - American,3.5,3.83
Tropical Punch,Truly Hard Seltzer,Hard Seltzer,3.5,3.34
Citrus Punch,Truly Hard Seltzer,Hard Seltzer,2.25,3.16
Fruit Punch,Truly Hard Seltzer,Hard Seltzer,3.5,3.29
Berry Punch,Truly Hard Seltzer,Hard Seltzer,3.75,3.25
Broken Skull IPA,El Segundo Brewing Company,IPA - American,4,3.8
Barrel Aged Baltic Porter (2020),Saltfire Brewing Co,Porter - Baltic,4.25,4.21
Barrel Aged Still Kooks,Other Half Brewing Co.,Stout - Imperial / Double,4.5,4.17
The Raspberry Bohemian,Exile Brewing Company,Sour - Fruited,3.75,3.88
Mango Cart,Golden Road Brewing,Fruit Beer,3.5,3.8
Exit 16 - Double IPA,Flying Fish Brewing Co.,IPA - Imperial / Double,3.5,3.76
"Ferryman's Chocolate Covered Cherries, Russian Imperial Stout W/ Cherries, Cacao, & Vanilla",Confluence Brewing Company,Stout - Russian Imperial,3.25,3.85
Coyote Verde,Fishback & Stephenson,Cider - Traditional / Apfelwein,3.75,3.68
Grodziskie,Lua Brewing,Grodziskie / Grätzer,3.75,3.76
Skip 9,Lua Brewing,Sour - Fruited,3.75,4.25
Tacos And Hash,Lua Brewing,IPA - New England / Hazy,4,4.27
Grow Till Tall,Lua Brewing,Pale Ale - American,4.25,4.06
The Main Course,Lua Brewing,Sour - Other,4.25,4.4
Sunbather,Lua Brewing,Sour - Fruited,4.25,4.16
Sent By Liars,Anchorage Brewing Company,Stout - Imperial / Double,4.75,4.51
Traeblod Pecan Pie,Mikkeller Brewing San Diego,Stout - Imperial / Double,4.5,4.39
Træblod Bourbon Barrel Aged (2021),Mikkeller Brewing San Diego,Stout - Imperial / Double,4.5,4.32
Infinite Wishes (2020),Smog City Brewing Co.,Stout - Imperial / Double,4.25,4.2
Ferrari Backpack,Toppling Goliath Brewing Co.,IPA - Imperial / Double,4.25,4.15
Wahlbrewski,Harpoon Brewery,Pale Ale - American,3.5,3.53
Bubba,Backpocket Brewing,IPA - New England / Hazy,4,3.88
Blackberry Lemonade,Lake Time Brewery,Sour - Fruited,3.75,3.81
Swift,SingleSpeed Brewing Company,Pale Ale - New England / Hazy,3,3.73
312 Lemonade Shandy,Goose Island Beer Co.,Shandy / Radler,3.75,3.47
Strawberry Bohemian,Exile Brewing Company,Sour - Berliner Weisse,4,3.82
Carrera 3.0,Big Grove Brewery,IPA - Imperial / Double New England / Hazy,3.75,4.13
"Ferryman's German Chocolate, Bourbon Barrel Aged Russian Imperial Stout W/ Cacao & Coconut",Confluence Brewing Company,Stout - Russian Imperial,4.5,4.25
Into the Mist,Transient Artisan Ales,Barleywine - American,4,3.78
Cookie Junkie: Snickerdoodle Stout,Backpocket Brewing,Stout - Pastry,3.25,3.79
Maple Barrel Aged No Cake (2021),Transient Artisan Ales,Stout - Imperial / Double,4.5,4.39
Snowed In - Vanilla (2021),Copper Kettle Brewing Company (Colorado),Stout - Imperial / Double Oatmeal,3.75,4.08
Pineapple Papaya Fandango,Toppling Goliath Brewing Co.,Sour - Fruited,4.25,4.19
ReUnion IPA,ReUnion Brewery,IPA - American,3.75,3.67
Don't Be Amber,Farmhand Brewing Company,Brown Ale - American,3.75,3.73
Zimm Light,Farmhand Brewing Company,Lager - American Light,3.75,3.61
German Chocolate Cake Stout,Farmhand Brewing Company,Stout - Milk / Sweet,4,3.93
Batch 1000 Barleywine,Big Grove Brewery,Barleywine - English,4.5,4.24
Sparkle Water Yellow,Transient Artisan Ales,Hard Seltzer,3,3.6
Sparkle Water Green,Transient Artisan Ales,Hard Seltzer,4,3.7
Mind to Devour,Transient Artisan Ales,IPA - Imperial / Double,4.25,4.21
Crisp Apple Unfiltered,Angry Orchard Cider Company,Cider - Dry,3,3.56
Bowser & Koopa,Transient Artisan Ales,Stout - Imperial / Double,4.5,4.14
Juice Factory Pale Ale,ReUnion Brewery,Pale Ale - New England / Hazy,3.75,3.74
Key Lime Sour,Crawford Brew Works,Sour - Other,2.75,3.62
Bugs Buckley,Transient Artisan Ales,Stout - Imperial / Double Pastry,4.25,4.16
Plurple,Transient Artisan Ales,Sour - Fruited,4.5,4.12
Weller Barrel No Cake (2021),Transient Artisan Ales,Stout - American,4.25,4.31
Junie (Double Barrel),Transient Artisan Ales,Stout - Imperial / Double,4.5,4.42
Hay Z IPA,Farmhand Brewing Company,IPA - New England / Hazy,4,3.77
The Sacrifice,Anchorage Brewing Company,Stout - Imperial / Double,4.5,4.47
Barrel-Aged Oort,Ecliptic Brewing,Stout - Imperial / Double,3.75,4.17
Oud Bruin Kriek,pFriem Family Brewers,Sour - Flanders Oud Bruin,4.25,4.24
Mixed Cuvees (2021),Cycle Brewing Company,Stout - Imperial / Double,4.5,4.36
Blueberry Cobbler,WeldWerks Brewing Co.,Sour - Smoothie / Pastry,4.5,4.28
Double Raspberry EndLayer,Modist Brewing Co.,Sour - Fruited Gose,4,4.05
Barrel Aged Aurox Imperial Stout (Maple Pecan Pie) -- Batch I (10/30/2020),Alluvial Brewing Company,Stout - Imperial / Double,4.75,4.18
Main Boss,Fair State Brewing Cooperative,Stout - Imperial / Double Pastry,3.75,3.86
Pulpagogo - Pineapple/Pink Guava/Coconut,White Elm Brewing Company,Sour - Fruited,4.5,4.19
Double Berry Shake,Great Notion Brewing,Sour - Fruited,4.5,4.35
The Explorer,Anchorage Brewing Company,Stout - Imperial / Double,4.25,4.31
SOUTHERN NIGHTS & NORTHERN LIGHTS,BlackStack Brewing,IPA - Triple New England / Hazy,4,4.31
Life Like Weeds,Lua Brewing,Sour - Fruited,4.25,4.14
Gil's Pils,Lua Brewing,Pilsner - German,3.75,3.83
Coffee Abraxas (2020),Perennial Artisan Ales,Stout - Imperial / Double Coffee,4.25,4.45
Darkness (2021) Barrel-Aged,Surly Brewing Company,Stout - Russian Imperial,4.25,4.4
Barrel Aged Cicada Killer – Maple Cinnamon (2020),Barn Town Brewing,Stout - Imperial / Double Pastry,4.5,4.27
Mallow Gold (2021),Lion Bridge Brewing Company,Stout - Pastry,4.5,4.28
WIRETAP,Black Project Spontaneous & Wild Ales,Sour - Other,4,3.99
Cookie Junkie Peanut Butter & Sandwich Cookie Dessert Stout,Backpocket Brewing,Stout - Pastry,4,3.97
Brasserie Noir (2017),Goose Island Beer Co.,Stout - Imperial / Double,4,4.32
"Dear Annie,",Kinship Brewing Co.,IPA - New England / Hazy,4.25,3.83
Barrel Aged The Visitor Imperial Stout (Triple Chocolate) -- Batch I (9/10/2020),Alluvial Brewing Company,Stout - Imperial / Double,4.25,4.04
Barrel Aged Aurox Imperial Stout (Sumatran Coffee & Hazelnut) -- Batch I (2/29/2020),Alluvial Brewing Company,Stout - Imperial / Double,4.5,4.3
Pineapple Lemonade Naturdays,Anheuser-Busch,Lager - American Light,3,3.49
Barrel Aged Aurox Imperial Stout (Pure Liquid Cacao & Coconut) -- Batch IV (3/5/2021),Alluvial Brewing Company,Stout - Imperial / Double,4.5,4.27
Sandbar Sunday,Islamorada Beer Company,Wheat Beer - American Pale Wheat,2.75,3.48
Black & Tan,Yuengling Brewery,Black & Tan,3.5,3.44
Imperial Golden Nugget,Toppling Goliath Brewing Co.,IPA - Imperial / Double,4.25,4.18
Winter Ale,Blue Point Brewing Company,Winter Ale,3.5,3.38
Immoderate,Lua Brewing,Stout - Imperial / Double,4.5,4.49
That's Not A Knife,Barn Town Brewing,IPA - American,3.75,3.76
Tiny Beam of Light,Lua Brewing,Pale Ale - American,4.5,4.15
Yay!,Marto Brewing Company,Stout - Imperial / Double Pastry,4.5,4.24
Hoax (2020),Hardywood Park Craft Brewery,Stout - Imperial / Double Milk,4.25,4.31
Dark Age,Wicked Weed Brewing,Stout - Imperial / Double,4.25,4.19
Tropical Trike,Fenders Brewing,IPA - New England / Hazy,3.5,3.86
Charles Thiccens,Gezellig Brewing Company,Porter - Imperial / Double,4,4.05
Gingham,Jackie O's Brewery,Sour - Fruited,3.75,4.09
Peanut Butter Porter,Fort Myers Brewing Company,Porter - Other,4,3.88
Barrel Aged Aurox Imperial Stout (Brownie Batter) -- Batch I (3/5/2021),Alluvial Brewing Company,Stout - Imperial / Double,3.5,4.13
Smoothie Bubbs - Berry Blast,Barn Town Brewing,Hard Seltzer,4.25,4.36
Panther Cub (2021),Founders Brewing Co.,Porter - Imperial / Double,4.25,4.14
420 Extra Pale Ale,SweetWater Brewing Company,Pale Ale - XPA (Extra Pale),3.75,3.61
Big Bad Baptist (Release #137),"Epic Brewing Co. (Utah, Colorado)",Stout - Imperial / Double Coffee,4.25,4.29
Cooperage Camp Fire Black Lager,Confluence Brewing Company,Lager - Strong,4,N/A
Sticky Juice,Barn Town Brewing,IPA - New England / Hazy,4.25,4.32
Smoothie Bubbs: Strawberry Banana,Barn Town Brewing,Hard Seltzer,4,4.39
BA Coconut Everything,Barn Town Brewing,Stout - Pastry,4.75,4.39
BA Hazel's Breakfast Spread,Barn Town Brewing,Stout - Pastry,4.75,4.22
BA Birthday,Barn Town Brewing,Stout - Pastry,4.5,4.26
"Bourbon Barrel Monster Cookie Stout, Bourbon Barrel Aged Stout W/ Chocolate & Peanut Butter",Confluence Brewing Company,Stout - Other,4.5,4.28
Flower Sour,Casa Bruja Brewing Co.,Sour - Other,2.25,3.6
Banana Cream Pie Sour,Barn Town Brewing,Sour - Smoothie / Pastry,4,3.99
UNIFY - Hazy IPA,Dimensional Brewing Company,IPA - New England / Hazy,4.25,4.11
Big Bang,Lake Time Brewery,Stout - Milk / Sweet,3.5,3.65
Cherry Fandango,Toppling Goliath Brewing Co.,Sour - Fruited,4.25,4.19
Stavropol ,Confluence Brewing Company,Stout - Russian Imperial,4,3.87
Barrel Aged The Visitor Imperial Stout (Chocolate Cherry) -- Batch I (12/18/2020),Alluvial Brewing Company,Stout - Imperial / Double,4,4.1
Then Before And Now Once More,Barn Town Brewing,IPA - American,4.25,3.96
Young's Double Chocolate Stout,Eagle Brewery (formerly Charles Wells),Stout - Milk / Sweet,3,3.67
Dark Charge - Coffee Vanilla (2020),Braxton Brewing Company,Stout - Imperial / Double,4.25,3.89
Stone Fruited Sour,Barn Town Brewing,Sour - Fruited,4.25,4.05
Idiom - Peanut,Lua Brewing,Porter - English,4,4.13
Idiom - Cacao,Lua Brewing,Porter - English,3.5,3.85
Idiom - Coffee,Lua Brewing,Porter - English,3.75,3.85
Idiom - Coconut,Lua Brewing,Porter - English,4.25,4.07
Caramel Pecan GAZPROM! (2021),Lion Bridge Brewing Company,Stout - Russian Imperial,4.25,4.32
UNIFY - Hazy IPA,Iowa Brewers Guild,IPA - New England / Hazy,4,3.83
Smangpop: Everybody Chase Me!,Lua Brewing,Sour - Fruited,4,4.27
Imaginary Time,Barn Town Brewing,IPA - Imperial / Double New England / Hazy,4.5,4.24
New Beginnings DDH NEIPA,Brightside Aleworks,IPA - New England / Hazy,4.25,4.28
"Smush: Mango, Pineapple, Passionfruit, Guava",Lua Brewing,Hard Seltzer,4.25,4.26
Smush Strawberry Banana,Lua Brewing,Hard Seltzer,4.5,4.29
Heavy Dust,Barn Town Brewing,IPA - New England / Hazy,3,3.8
Bois N' Berries,Barn Town Brewing,Sour - Smoothie / Pastry,4.5,4.16
The Braidy Bunch,Barn Town Brewing,Sour - Smoothie / Pastry,4.5,4.11
Big Chungus Scottish-Style Wee Heavy Ale W/ Heather,Confluence Brewing Company,Scotch Ale / Wee Heavy,4,3.98
Abraxas (2020),Perennial Artisan Ales,Stout - Imperial / Double,4.5,4.38
Mood - Imperial Stout,Brightside Aleworks,Stout - Imperial / Double Pastry,4,3.78
Pillow Talk,Pulpit Rock Brewing Company,Sour - Fruited,4.75,4.26
What Maryland Does,True Respite Brewing Company,IPA - Imperial / Double New England / Hazy,4,4.09
Barrel Aged The Visitor Imperial Stout (Cinnamon Roll) -- Batch I (12/18/2020),Alluvial Brewing Company,Stout - Imperial / Double,4.5,4.3
Bourbon County Brand Vanilla Stout (2018),Goose Island Beer Co.,Stout - Imperial / Double,4.75,4.52
Serenity,Marto Brewing Company,Pale Ale - New England / Hazy,3.75,4.02
Double Blueberry Love Muffin,Barn Town Brewing,Sour - Smoothie / Pastry,4,4.12
Smell of Money - Azacca,Marto Brewing Company,IPA - New England / Hazy,4.5,4.08
Mango End Layer,Modist Brewing Co.,Sour - Fruited Gose,2.5,3.62
Cherry-O's,Pulpit Rock Brewing Company,Sour - Fruited,4.25,4.29
Richard the Whale (2020),Big Grove Brewery,Stout - Russian Imperial,4.5,4.4
Fresh IIPA V50,Hubbard's Cave,IPA - Imperial / Double,3.75,3.97
Shiner Candied Pecan Porter,Spoetzl Brewery,Porter - Other,4,3.63
Jumbled Up,Dimensional Brewing Company,Stout - Coffee,4.25,4.01
Cuvee - Just Maple (2020),Cycle Brewing Company,Stout - Imperial / Double,4.5,4.27
CHONK Peanut Butter & Jelly,Drekker Brewing Company,Sour - Smoothie / Pastry,4.5,4.22
Some IPA,Pulpit Rock Brewing Company,IPA - American,4.5,4.04
Barrel Aged 12 On Twelve12,Barn Town Brewing,Stout - Imperial / Double Pastry,5,4.44
Again,Lua Brewing,Stout - Imperial / Double,4.5,4.67
Digital Distraction,Dimensional Brewing Company,IPA - New England / Hazy,4.25,4.1
Not Your Kind of People,Anchorage Brewing Company,IPA - Imperial / Double,4.5,4.1
Rêve Coffee Stout,Parish Brewing Co.,Stout - Coffee,4.25,4.22
The Sorcerer,Anchorage Brewing Company,IPA - American,4.25,3.97
Show And Tell,Pulpit Rock Brewing Company,Sour - Fruited,4.25,4.07
Viking Funeral,Four Fathers Brewing,Stout - Imperial / Double Milk,4,4.02
Alma Mater (2019),Pulpit Rock Brewing Company,IPA - Imperial / Double,4.25,4.03
Juicy Bits,WeldWerks Brewing Co.,IPA - New England / Hazy,4.5,4.18
Señor Rhino,Alesong Brewing & Blending,Stout - Imperial / Double,4.25,4.32
Barrel-Aged Waffle Cone - Neapolitan,Main & Mill Brewing Company,Stout - Imperial / Double Pastry,4.5,4.31
Dark Charge - S'mores (2020),Braxton Brewing Company,Stout - Pastry,3.5,3.84
Snugglebug,Smog City Brewing Co.,Sour - Fruited,4.25,4.14
Cherry Fluff,Dimensional Brewing Company,Sour - Fruited,4,4.11
Barrel Aged Yer Killin’ Me Smores,Barn Town Brewing,Stout - Imperial / Double Pastry,4.5,4.14
Need Direction?,Anchorage Brewing Company,IPA - Triple,4.25,4.17
Double Raspberry Shake,Great Notion Brewing,Sour - Fruited,4,4.32
CAN PHONES,BlackStack Brewing,IPA - Imperial / Double New England / Hazy,4,4.21
Barrel Aged Aurox Imperial Stout (Triple Vanilla) -- Batch I (10/30/2020),Alluvial Brewing Company,Stout - Imperial / Double,4.25,3.97
Rule of Thirds,Phase Three Brewing,IPA - Imperial / Double New England / Hazy,4.5,4.13
Brolo Ties,Dimensional Brewing Company,IPA - New England / Hazy,4.25,4.04
Snowed In - Coconut (2020),Copper Kettle Brewing Company (Colorado),Stout - Oatmeal,4.5,4.2
"Alpha Abstraction, Vol. 14",Wild Leap Brew Co.,IPA - Imperial / Double New England / Hazy,4.25,4.19
Legendary Lemon,Lil Beaver Brewery,Blonde Ale,3.5,3.8
Jacuzzi Moves,Pulpit Rock Brewing Company,Sour - Smoothie / Pastry,4.5,4.37
Hadal,Lua Brewing,Stout - Imperial / Double,4.5,4.37
Weather Beacon Red,Confluence Brewing Company,Märzen,3.75,3.73
Tryptophan,Lua Brewing,IPA - Triple,4.25,4.48
Imperial Nutcase,Listermann Brewing Company,Porter - Imperial / Double,4,4.17
Vanilla Bean Abraxas (2020),Perennial Artisan Ales,Stout - Imperial / Double,4.5,4.38
Big Frooty #32: Pineapple Upside Down Cake,Barn Town Brewing,Sour - Smoothie / Pastry,4,4.11
Ghosts of Giants,Varietal Beer Co.,Stout - Imperial / Double,3.25,3.97
Big Frooty #31 - Boodrow,Barn Town Brewing,Sour - Smoothie / Pastry,4,4.01
"Coastal Sunshine (v9) Passion Fruit, Orange, Guava",Humble Forager Brewery,Sour - Fruited,4.25,4.17
Fruit Creep,Illuminated Brew Works,IPA - Imperial / Double New England / Hazy,4.25,3.98
Abuse of Stout,Destination Unknown Beer Company,Stout - Imperial / Double,4.25,4.15
The Death of Civilization in Slow Motion I. (Ghost 907),Adroit Theory,IPA - Imperial / Double New England / Hazy,4,4.11
Yer Killin' Me S'mores!,Barn Town Brewing,Stout - Pastry,4.25,4.09
Smoofee Sour - Banana Peanut,The Brewing Projekt,Sour - Smoothie / Pastry,4,3.72
This $+ØU+ Just Got Serious,Untitled Art,Stout - Imperial / Double Pastry,4.5,4.26
Braaaaaaaains - Peach & Black Currant,Drekker Brewing Company,Sour - Smoothie / Pastry,4.25,4.17
Gin & Cran - Gin Barrel Aged Classic Cocktail,Barn Town Brewing,Blonde Ale,3.5,3.9
Old Fashioned - Gin Barrel Aged Classic Cocktail,Barn Town Brewing,Blonde Ale,4.25,4.32
Dark & Stormy - Gin Barrel Aged Classic Cocktail,Barn Town Brewing,Blonde Ale,4.25,3.9
Into the Woods,Big Grove Brewery,Sour - Fruited,3.5,4.11
Minuteman,Big Grove Brewery,IPA - Imperial / Double,4.25,3.98
Donut Go Breakin' My Heart,Pulpit Rock Brewing Company,Sour - Fruited,4.75,4.3
Strata-G,Pulpit Rock Brewing Company,IPA - Imperial / Double,4.25,4.14
HDTV,Big Grove Brewery,IPA - Imperial / Double New England / Hazy,4.5,4.4
Blustery,Pulpit Rock Brewing Company,Sour - Other,4.25,4.37
Banana Straws,Pulpit Rock Brewing Company,Sour - Smoothie / Pastry,4.25,4.35
Strawberry Shortcake Fandango,Toppling Goliath Brewing Co.,Sour - Fruited,4,4.17
Kentucky Brunch Brand Stout (2020),Toppling Goliath Brewing Co.,Stout - Imperial / Double,5,4.87
Vanilla Bean Assassin (2019),Toppling Goliath Brewing Co.,Stout - Imperial / Double,5,4.77
Term Oil S'mores,Toppling Goliath Brewing Co.,Stout - Imperial / Double,4.75,4.5
Kaiju Clash,Toppling Goliath Brewing Co.,Stout - Imperial / Double Coffee,4.5,4.37
Term Oil Fluffernutter,Toppling Goliath Brewing Co.,Stout - Imperial / Double,4.75,4.55
Kentucky Brunch Brand Stout,Toppling Goliath Brewing Co.,Stout - Imperial / Double,5,4.83
Richard the Whale: Coffee (2020),Big Grove Brewery,Stout - Russian Imperial,4.25,4.33
Richard the Whale: Spotted Richard (2020),Big Grove Brewery,Stout - Russian Imperial,4.25,4.43
Richard the Whale: Vietnamese Coconut Coffee (2020),Big Grove Brewery,Stout - Russian Imperial,4.5,4.6
Bourbon County Brand Kentucky Fog Stout (2020),Goose Island Beer Co.,Stout - Imperial / Double,3,4.08
Quiet,Lua Brewing,Stout - Other,4.5,4.49
Pushpop: Least Best,Lua Brewing,Sour - Fruited,4.5,4.5
Thick Avenue,Lua Brewing,Sour - Fruited,4.25,4.05
Bourbon County Brand Special #4 Stout (2020),Goose Island Beer Co.,Stout - Imperial / Double Oatmeal,4.5,4.4
Sun For Miles,Lua Brewing,IPA - New England / Hazy,4.25,4.25
Bourbon County Brand Stout (2020) 14.6%,Goose Island Beer Co.,Stout - Imperial / Double,4.5,4.46
Barrel Aged The Visitor Imperial Stout (Banana Cream Pie) -- Batch I (9/10/2020),Alluvial Brewing Company,Stout - Imperial / Double,4.25,4.07
Hedonistic,Lua Brewing,Stout - Imperial / Double,4.75,4.58
Bourbon County Brand Stout (2017) 14.1%,Goose Island Beer Co.,Stout - Imperial / Double,4.25,4.48
Unnecessary Commentary,Barn Town Brewing,Stout - Imperial / Double Pastry,4,4.19
Juicy Gossip,Bell's Brewery,Pale Ale - American,3.25,3.7
Light Hearted Ale,Bell's Brewery,IPA - Session,3,3.54
Imperial Smells Like Bean Spirit - Special Roast (French Toast),Mikerphone Brewing,Stout - Imperial / Double Coffee,4.5,4.16
Black Note Stout,Bell's Brewery,Stout - Imperial / Double,4.25,4.44
Barrel Aged Aurox Imperial Stout (Cacao Nibs & Raspberries) -- Batch I (2/29/2020),Alluvial Brewing Company,Stout - Imperial / Double,4.5,3.95
Manic_pixie_eco_warrior,Solemn Oath Brewery,Barleywine - English,3.5,3.75
Santa's Cookie Duster,Marz Community Brewing Co.,Barleywine - Other,3.5,3.73
Peachy Bones,Firestone Walker Brewing Company,Wild Ale - American,4,4.04
KBS Espresso (2020),Founders Brewing Co.,Stout - Imperial / Double Coffee,4.25,4.23
Rocky Road,Hubbard's Cave,Stout - Imperial / Double Pastry,3.75,4.03
Grand Cru,North Coast Brewing Company,Strong Ale - American,2,3.84
Oh My Goodies,Barn Town Brewing,Stout - Imperial / Double Pastry,3.75,4.15
The Ages,Deschutes Brewery,Lambic - Gueuze,4,4.06
Öö,Põhjala,Porter - Imperial / Double Baltic,3.5,3.96
Big Frooty #27: Kleetus B,Barn Town Brewing,Sour - Smoothie / Pastry,4.5,4.1
Jõuluöö,Põhjala,Porter - Imperial / Double,4,3.9
Blessed,Anchorage Brewing Company,Stout - Imperial / Double,5,4.76
Silent Steps,Barn Town Brewing,IPA - Imperial / Double New England / Hazy,4,4
Double Donuts (Barrel-Aged),SingleSpeed Brewing Company,Stout - Imperial / Double Oatmeal,4.5,4.22
Big Frooty #26: Mace Daddy,Barn Town Brewing,Sour - Smoothie / Pastry,4.25,3.99
KBS Maple Mackinac Fudge,Founders Brewing Co.,Stout - Imperial / Double Coffee,4.75,4.37
Direct Current,Surly Brewing Company,IPA - American,4,3.7
"Peanut Butter Party, Peanut Butter Porter",Confluence Brewing Company,Porter - Other,4.25,3.98
"Anniversary Jam, Fruited Blonde Ale",Confluence Brewing Company,Blonde Ale,4.25,3.9
Tweak (Bourbon Barrel Aged),Avery Brewing Co.,Stout - Imperial / Double Coffee,4.25,4.39
Baby's First SmushPop,Lua Brewing,Sour - Other,4.5,4.32
Double Pushpop: To A Tradition,Lua Brewing,Sour - Fruited,4.5,4.55
Peanut Butter Porter/ Whiskey Barrel,Mistress Brewing Company,Porter - Other,3.5,3.59
Richard the Whale (2019),Big Grove Brewery,Stout - Russian Imperial,4.5,4.35
Double Donuts,SingleSpeed Brewing Company,Stout - Imperial / Double Oatmeal,4.25,4.14
Witch Slap,Clock House Brewing,IPA - New England / Hazy,4.25,4.07
B.O.R.I.S. The Crusher,Hoppin' Frog Brewery,Stout - Russian Imperial,3.75,4.05
Richard the Whale ,Big Grove Brewery,Stout - Russian Imperial,4.5,4.27
Big Frooty #24: Johnny La Rouge,Barn Town Brewing,Sour - Smoothie / Pastry,4,3.96
Assassin with Coconut (2019),Toppling Goliath Brewing Co.,Stout - Imperial / Double,5,4.59
Darkness (2017) Barrel-Aged,Surly Brewing Company,Stout - Russian Imperial,2.25,4.38
O'Henry Batata Autumn Ale,Alluvial Brewing Company,Red Ale - American Amber / Red,4,4.05
Red Zeppelin,Lake Time Brewery,Red Ale - American Amber / Red,4,3.54
Perfectly Pleasant,Gezellig Brewing Company,Stout - American,3.75,3.96
Adventures of Frank Vol 4: the Godfather,Gezellig Brewing Company,IPA - Imperial / Double,3.75,4.13
Ecto Coolest,Barn Town Brewing,Sour - Fruited,4.25,3.96
Pivot!,Barn Town Brewing,IPA - New England / Hazy,4.25,3.92
Barrel Aged The Visitor Imperial Stout (Malted Milk Ball) -- Batch I (9/10/2020),Alluvial Brewing Company,Stout - Imperial / Double,4.5,3.86
RAWR,The Brewing Projekt,IPA - New England / Hazy,4.5,4.08
All Day IPA,Founders Brewing Co.,IPA - Session,3.5,3.7
Harvestivus,515 Brewing Company,Märzen,3.5,3.82
8th Anniversary Oatmeal Raisin Cookie Stout,Backpocket Brewing,Stout - Russian Imperial,4,4.02
Hop-15 Ale,Port Brewing Company,IPA - Imperial / Double,4,3.99
Lost In Spacejuice,Marto Brewing Company,IPA - New England / Hazy,4.25,4.11
Mornin' Delight (2020),Toppling Goliath Brewing Co.,Stout - Imperial / Double Coffee,4.5,4.54
Oktoberfest,Jacob Leinenkugel Brewing Company,Märzen,3,3.39
Wild Streak,Brooklyn Brewery,Wild Ale - American,3.75,3.72
Violet Underground,Firestone Walker Brewing Company,Wild Ale - Other,4.25,4.11
Firestone 23 (XXIII) Anniversary Ale (2019),Firestone Walker Brewing Company,Strong Ale - American,3.75,4.32
Barrel Aged Comrade With Coffee And Vanilla,ZümBier,Stout - Russian Imperial,4.25,4.32
Dragons,Urban Artifact,Fruit Beer,4,4.03
Dreamsicle,903 Brewers,Sour - Smoothie / Pastry,4.5,4.13
Hazy IPA,Grumpy Goat Tavern,IPA - New England / Hazy,3.5,3.72
Coffee Coconut Stout,WeldWerks Brewing Co.,Stout - Imperial / Double Milk,4,4.11
Mikerphone Solo,Mikerphone Brewing,IPA - New England / Hazy,4.5,4.13
Puppy,Anchorage Brewing Company,IPA - American,4.5,4.02
Wild Sour Series: Salted Watermelon Gose,DESTIHL Brewery,Sour - Fruited Gose,3,3.71
Oktobot 3000 (2020),Lion Bridge Brewing Company,Märzen,4.25,3.96
Mango Fett,Franklin Street Brewing Company,IPA - New England / Hazy,4.25,3.92
Big Blueberry Ox,Boulevard Brewing Co.,Farmhouse Ale - Saison,4,3.76
Pushpop: Uneven Seams,Lua Brewing,Sour - Fruited,4.75,4.38
Miracle Toast,Hoof Hearted Brewing,Stout - Imperial / Double,4,4.06
Pushpop: the Pointer Brothers,Lua Brewing,Sour - Fruited,5,4.54
Game of Thrones: For the Throne,Brewery Ommegang,Belgian Strong Golden Ale,4,3.79
Pineapple Cherry Swirl,Big Grove Brewery,Sour - Fruited Berliner Weisse,4,3.9
Algorithm,Lua Brewing,Sour - Fruited,4.75,4.27
Black Is Beautiful,Lua Brewing,Stout - Imperial / Double Pastry,4.75,4.49
Simulacra,Lua Brewing,Sour - Fruited,4,4.24
B-Bomb (2016),Fremont Brewing,Winter Ale,4.25,4.36
Michelob Golden Light,Anheuser-Busch,Lager - American Light,3.25,2.82
Little Black Dress,Mistress Brewing Company,IPA - Black / Cascadian Dark Ale,3.25,3.58
Rhubbyl Strawberry Sour,Alluvial Brewing Company,Sour - Other,4.25,3.91
Lutris Pale Ale,Alluvial Brewing Company,Pale Ale - New England / Hazy,4,3.97
"Wicked Tripel, Oak Barrel Aged Belgian-Style Tripel Ale",Confluence Brewing Company,Belgian Tripel,3.75,3.76
Emperor Norton,Almanac Beer Company,IPA - Belgian,3.5,3.76
Final Entropy,Jackie O's Brewery,Farmhouse Ale - Other,2.75,3.77
Barrel Aged Velvet | 2020,Big Grove Brewery,Stout - Imperial / Double,5,4.66
Into the Jungle,Big Grove Brewery,Sour - Fruited,4.25,4.1
Estrella Jalisco,Grupo Modelo,Lager - Mexican,3,3.14
Black Butte XXXI,Deschutes Brewery,Porter - Imperial / Double,4,4.12
For Life,Indie Brewing Company,Stout - Imperial / Double,4.25,4.09
Dino S'mores,Off Color Brewing,Stout - Russian Imperial,4,4.02
A Round on the House,_____ Brewing,Stout - Milk / Sweet,3.75,3.86
Imperial Wedding Cake Break (2019),Evil Twin Brewing,Porter - Imperial / Double,4,3.94
"Light & Squeezy, Lemon-Raspberry Radler",Confluence Brewing Company,Shandy / Radler,4,3.91
8th Anniversary Stout,Backpocket Brewing,Stout - Russian Imperial,4,4.1
Reindeer Tears (2018),Heathen Brewing,Barleywine - American,4.25,4
Triple Surfer,Trophy Brewing Company,IPA - Triple,4.25,4.14
Oak Aged Belgian Quad Ale,Mistress Brewing Company,Belgian Quadrupel,3.5,3.8
Lunch,Maine Beer Company,IPA - American,4,4.17
Member Berries,Marto Brewing Company,Sour - Fruited,4.25,4.14
Black Is Beautiful,Barn Town Brewing,Stout - Imperial / Double,4.25,3.99
Room For Activities,Marto Brewing Company,Sour - Fruited,4.25,3.99
Cin Sin (2020),Barn Town Brewing,Stout - Imperial / Double,4.25,4.03
Hazelnut Pot De Crème (All Canned Dates),Hubbard's Cave,Stout - Imperial / Double Pastry,4.25,4.13
I Believe In Love,Allagash Brewing Company,Sour - Fruited,4,4.06
Ghosts in the Forest,The Lost Abbey,Wild Ale - American,4,4.07
Hazy Day IPA,Carroll Brewing Company,IPA - Session,3.25,3.66
10th Anniversary Barrel-Aged Torpedo,Sierra Nevada Brewing Co.,IPA - American,3.75,3.96
Imperial Coconut Porter,Maui Brewing Company,Porter - Imperial / Double,3.75,4.13
Orange Lazarus Milkshake IPA,Alluvial Brewing Company,IPA - Milkshake,4.5,3.98
Danny Boy,Pulpit Rock Brewing Company,IPA - American,3.75,3.92
Pour-Over Porter (Tanzanian Peaberry),Pulpit Rock Brewing Company,Porter - Coffee,4,4.16
Remember,Lua Brewing,Stout - Imperial / Double,5,4.52
Rolling Thunder Imperial Stout (2020),Rogue Ales,Stout - Imperial / Double,4,4.19
Weissbier,Carroll Brewing Company,Wheat Beer - Other,3.75,3.72
India Pale Ale,Carroll Brewing Company,IPA - American,3.75,3.61
Cryptomnesia,Pulpit Rock Brewing Company,Sour - Fruited,3.75,4.19
Hoopla,Pulpit Rock Brewing Company,Sour - Fruited,4.25,4.28
Busch Light Apple,Anheuser-Busch,Lager - American Light,3.5,3.39
Black Is Beautiful,Pulpit Rock Brewing Company,Stout - Milk / Sweet,4.5,4.24
Sunshine And Swimsuits,Pulpit Rock Brewing Company,Sour - Fruited,4.5,4.26
Madagascar,4 Hands Brewing Company,Stout - Imperial / Double Milk,4.5,4.34
Three Chocolatiers,Riverlands Brewing Company,Stout - Imperial / Double Milk,4,4.2
Eclipse - Booker's (BKR) (2019),FiftyFifty Brewing Co.,Stout - Imperial / Double,4.25,4.3
Cavatica Stout,Fort George Brewery,Stout - Imperial / Double,3.75,3.91
W4 Dry Hopped Gose,Transmitter Brewing,Sour - Traditional Gose,3.75,3.93
Bramble Candy [BANISHED] 2020,Crux Fermentation Project,Sour - Fruited,3.75,4.12
Dragon’s Milk Reserve: Scotch Barrel-Aged Stout With Marshmallow & Dark Chocolate (2020-2),New Holland Brewing,Stout - Imperial / Double,4.25,4.26
Champion Ground,Jackie O's Brewery,Stout - Imperial / Double Coffee,4.5,4.36
DDH Tropic-Hero,Revolution Brewing Company,IPA - New England / Hazy,4,3.98
Vanilla Drive-In,Barn Town Brewing,IPA - Milkshake,4.25,4.06
Rocket Pop Summer Sour,Barn Town Brewing,Sour - Fruited,4.5,4.08
Peanut Butter Jelly Crime,Superstition Meadery,Mead - Melomel,4.25,4.16
REBEL (Ghost 860),Adroit Theory,IPA - Imperial / Double New England / Hazy,4.25,4.18
Brain Squeeze - Blackberry/Cucumber,Drekker Brewing Company,Sour - Smoothie / Pastry,4.25,4
DDH 3.8 Miles,WeldWerks Brewing Co.,IPA - Imperial / Double New England / Hazy,4.5,4.18
Brewer's Reserve Bourbon Pecan Kringle Stout,Central Waters Brewing Company,Stout - Imperial / Double Pastry,4.5,4.23
Lemon Meringue Pie,Westbrook Brewing Co.,Sour - Fruited,4,4.05
Tunnel Vision,Bearded Iris Brewing,IPA - New England / Hazy,4.25,4.11
DDH PULP Daddy,Greater Good Imperial Brewing Company,IPA - Imperial / Double New England / Hazy,4.5,4.16
GREMLIN,Black Project Spontaneous & Wild Ales,Sour - Other,4,3.8
Gunner's Daughter,Mast Landing Brewing Co.,Stout - Milk / Sweet,4,4.15
Assassin (2020),Toppling Goliath Brewing Co.,Stout - Imperial / Double,5,4.59
Tickle Monster,Drekker Brewing Company,IPA - Imperial / Double New England / Hazy,4,4.13
Bakery: Oatmeal Cookie,The Bruery,Stout - Imperial / Double Pastry,4,4.08
Coffee & Cakes (All Canned Dates),Hubbard's Cave,Stout - Imperial / Double,4.25,4.09
Existential Joy,Belching Beaver Brewery,Sour - Fruited,4.25,3.97
FSB 2019: PART 1,Fair State Brewing Cooperative,Stout - Imperial / Double Pastry,4.5,4.17
Wari,Off Color Brewing,Corn Beer / Chicha de Jora,4,3.77
Barrel Aged ¡Viva La Beaver!,Belching Beaver Brewery,Stout - Imperial / Double Milk,4.75,4.32
Big Frooty #10: Plum & Grape CoolAide,Barn Town Brewing,Sour - Smoothie / Pastry,4,4.35
Big Frooty #11: Tangerine & Tang,Barn Town Brewing,Sour - Smoothie / Pastry,4.5,4.38
Hop Waka (Pineapple Passion),Brightside Aleworks,IPA - New England / Hazy,4.25,4.01
Big Frooty #9: Strawberry Chocolate Cheesecake,Barn Town Brewing,Sour - Smoothie / Pastry,4,4.22
Elbros,Barn Town Brewing,IPA - Imperial / Double New England / Hazy,4.25,3.9
Beer Geek Brunch Weasel Barrel Aged Bourbon,Mikkeller,Stout - Imperial / Double Oatmeal,4.25,4.33
Enlighten-Mint Stout,Brightside Aleworks,Stout - American,4,3.96
Degrees of Boredom,Brightside Aleworks,IPA - Session,3,3.97
Hazy Diamond Bling Sauce,Brightside Aleworks,IPA - Imperial / Double New England / Hazy,4,4.02
Strawberry Chocolate Cheesecake,Barn Town Brewing,Sour - Smoothie / Pastry,3.75,3.99
3 Way Hot Rod,Pulpit Rock Brewing Company,IPA - American,4,4.02
Lemon Bar Sour,Barn Town Brewing,Sour - Smoothie / Pastry,4.25,4.08
FSB 2019: PART 2,Fair State Brewing Cooperative,Stout - Imperial / Double Pastry,4.25,4.04
Antidote BA Blonde Stout,Backpocket Brewing,Stout - Imperial / Double White / Golden,4.25,3.91
Pushpop: Adventure Is Out There,Lua Brewing,Sour - Fruited,5,4.69
Coffee Cloud Maker,Lil Beaver Brewery,Stout - Imperial / Double,4.25,3.85
Pushpop: Parking Lot Wedding,Lua Brewing,Sour - Fruited,5,4.64
Pushpop: Suerte,Lua Brewing,Sour - Fruited,4.5,4.61
Pushpop: One-Man Submarine Ride,Lua Brewing,Sour - Fruited,4.5,4.57
Holding Pattern,Barn Town Brewing,IPA - New England / Hazy,4.25,4
"Dragon’s Milk Reserve: Rum Barrel-Aged Stout with Chocolate, Hazelnut, & Toasted Coconut (2020-1)",New Holland Brewing,Stout - Imperial / Double,3.25,3.86
"Big Frooty: Strawberry, Blueberry, Red Raspberry",Barn Town Brewing,Sour - Smoothie / Pastry,4.5,4.35
Wagon Wheel Wit,Barn Town Brewing,Wheat Beer - Witbier / Blanche,3.5,3.54
"Big Frooty: Peach, Strawberry, Red Raspberry",Barn Town Brewing,Sour - Smoothie / Pastry,4.25,4.22
Term Oil 19-C,Toppling Goliath Brewing Co.,Stout - Imperial / Double,4.25,4.42
Coffee Cinnamon B-Bomb (2019),Fremont Brewing,Winter Ale,4.25,4.41
MMMMMM.......DROP!,Barn Town Brewing,IPA - Imperial / Double,4.5,4.07
Norseman's Wrath,Toppling Goliath Brewing Co.,Stout - Russian Imperial,4.25,3.75
Slow Pitch,Pulpit Rock Brewing Company,IPA - American,4,4.08
Hibiscus Rose,Jefferson County Ciderworks,Cider - Traditional / Apfelwein,2.5,3.69
Pilsner Mikel,Pulpit Rock Brewing Company,Pilsner - Czech,3.75,3.74
"Big Frooty #1: Blackberry, Peach, Pineapple",Barn Town Brewing,Sour - Smoothie / Pastry,4,4.22
All Together,Pulpit Rock Brewing Company,IPA - American,4.25,4.2
Dirty Secret,Pulpit Rock Brewing Company,Pale Ale - American,4.5,4.11
Root Beer,Barn Town Brewing,Root Beer,3.75,4.36
Saturday Morning Grape & Blueberry,Backpocket Brewing,Sour - Smoothie / Pastry,4,3.98
Pushpop: The Perfect Cast,Lua Brewing,Sour - Fruited,4.5,4.48
All Together,Big Grove Brewery,IPA - New England / Hazy,4.25,4.11
Pushpop: Maybe Love Is the Reason Why,Lua Brewing,Sour - Fruited,4.5,4.56
Black Cherry Lemonade,Truly Hard Seltzer,Hard Seltzer,2.75,3.39
Mango Lemonade,Truly Hard Seltzer,Hard Seltzer,2.5,3.36
Strawberry Lemonade,Truly Hard Seltzer,Hard Seltzer,2.5,3.38
Original Lemonade ,Truly Hard Seltzer,Hard Seltzer,2.25,3.26
Sugar Shower,Barn Town Brewing,Fruit Beer,3.25,3.83
Always Bag Yer Peppers,Barn Town Brewing,Stout - Pastry,4,3.97
Citra Neon Hazy IPA,Barn Town Brewing,IPA - New England / Hazy,4,4.25
Chocolate Bouncy House,Barn Town Brewing,Stout - Milk / Sweet,4,4.05
Mantra,Lua Brewing,Stout - Imperial / Double,4,4.2
Pushpop: Windows,Lua Brewing,Sour - Fruited,5,4.6
Ring Around the Gose,SingleSpeed Brewing Company,Sour - Traditional Gose,4.25,3.9
"""The Gang Brews A Beer""",Brightside Aleworks,IPA - New England / Hazy,4,4.12
Slimothy James,Lua Brewing,IPA - Imperial / Double,4.25,4.17
Coffee Shop Series: Coffee Oatmeal Stout,Big Grove Brewery,Stout - Coffee,4,4.06
From Zero To Iffy,Gezellig Brewing Company,Stout - Imperial / Double Milk,4.25,4.07
Peach & Chong,Barn Town Brewing,Sour - Fruited,4.25,4.09
Tricia,Finnegans Brew Co.,Pale Ale - Belgian,3.5,3.75
Barrel Aged Cicada Killer (w/ Coconut) (2020),Barn Town Brewing,Stout - Imperial / Double,4,4.31
Fantastic Voyage,Perennial Artisan Ales,Stout - Imperial / Double Milk,3.75,3.92
Holidotz,Toppling Goliath Brewing Co.,Lager - American Light,3.5,3.75
Barrel Aged Aurox Imperial Stout -- Batch I (2/29/2020),Alluvial Brewing Company,Stout - Imperial / Double,4.25,4.2
Electric Machete,Barn Town Brewing,IPA - Imperial / Double,4.25,4.13
Pushpop: Panm,Lua Brewing,Sour - Fruited,4.25,4.54
Pushpop: Pand,Lua Brewing,Sour - Fruited,4.75,4.45
Zombie Dust,3 Floyds Brewing,Pale Ale - American,4.25,4.26
Petite Sour Blueberry,Crooked Stave Artisan Beer Project,Wild Ale - American,3.75,4
Speedway Stout,AleSmith Brewing Company,Stout - Imperial / Double Coffee,4,4.18
Tripl3 Scoop,Barn Town Brewing,Stout - Imperial / Double Milk,3.75,4.05
Strawberry Shortcake,Barn Town Brewing,Sour - Smoothie / Pastry,4.25,4.33
Canadian Breakfast Stout (CBS),Founders Brewing Co.,Stout - Imperial / Double Coffee,4.5,4.46
Batch To the Future,Barn Town Brewing,IPA - American,4,3.94
Double Hop Skewer,Barn Town Brewing,IPA - Imperial / Double,4.5,4.34
Girl Stout Cookees,Barn Town Brewing,Stout - Pastry,5,4.19
Cherry Limeade Sour,Barn Town Brewing,Sour - Fruited,3.75,3.51
Raspberry Drive-In,Barn Town Brewing,IPA - Milkshake,4,3.96
Barrel Aged Cicada Killer (w/ Vanilla) (2020),Barn Town Brewing,Stout - Imperial / Double,4.5,4.42
Hipster Brunch Stout,Odd Side Ales,Stout - Imperial / Double Coffee,4,4.22
Capital Gold Vienna-Style Lager,Confluence Brewing Company,Lager - Vienna,2.5,3.53
Milk Stout,Left Hand Brewing Company,Stout - Milk / Sweet,3.75,3.89
Barrel Aged Aurox Imperial Stout (Coconut) -- Batch I (2/29/2020),Alluvial Brewing Company,Stout - Imperial / Double,4.75,4.53
Aurox Imperial Stout w/ Maple & Sumatran Coffee,Alluvial Brewing Company,Stout - Imperial / Double,4,4.26
Jai Alai,Cigar City Brewing,IPA - American,4.25,3.93
Hoppin' Harbor,Fat Point Brewing,Pale Ale - American,4,3.6
Oatmeal Stout,Fat Point Brewing,Stout - Oatmeal,3.75,3.75
Habanero IPA,Fat Point Brewing,IPA - American,3.25,3.79
Cape Haze,Fat Point Brewing,Wheat Beer - Other,3.5,3.59
Tropic Pressure,Big Storm Brewing Co.,Golden Ale,3.5,3.6
Hazify,Palm City Brewing,IPA - New England / Hazy,4.5,3.95
Traditional Lager,Yuengling Brewery,Lager - American Amber / Red,3,3.49
Bromosa Tangerine IPA,Big Storm Brewing Co.,IPA - American,3.5,3.79
Pernicious,Wicked Weed Brewing,IPA - American,4,3.97
First Crush,Fishback & Stephenson,Cider - Traditional / Apfelwein,3.25,3.83
Dart,Big Grove Brewery,IPA - Imperial / Double New England / Hazy,4.25,4.11
Hotcakes,Peace Tree Brewing Company,Stout - American,3.5,3.83
Justice For Barb,Big Grove Brewery,IPA - Imperial / Double New England / Hazy,4.25,4.14
Sun Reaper,Toppling Goliath Brewing Co.,IPA - Imperial / Double New England / Hazy,4,4.11
Pushpop: Lawn Duty,Lua Brewing,Sour - Fruited,4.75,4.42
Pushpop: Swan Duty,Lua Brewing,Sour - Fruited,4.5,4.46
El Jefe (2019),Madhouse Brewing Company,Stout - Imperial / Double,4.5,4.42
Double Maple GAZPROM! (2020),Lion Bridge Brewing Company,Stout - Russian Imperial,4.5,4.33
Jesus On A Forklift (w/ Horizon Line Coffee & Vanilla Bean),Exile Brewing Company,Stout - Imperial / Double,4.25,4.22
Candy Paint,Lua Brewing,Sour - Fruited,4.25,4.15
Baby Blue Sedan,Lua Brewing,Sour - Fruited,4.5,4.15
Anxious,Lua Brewing,Stout - Imperial / Double,4.75,4.49
Letter of Marque Rum Barrel Aged DIPA W/ Coconut,Confluence Brewing Company,IPA - Imperial / Double,3.5,3.91
Dosvidanya Bourbon Barrel,DESTIHL Brewery,Stout - Imperial / Double,4,4.19
Screenshot,Prairie Artisan Ales,Stout - Imperial / Double Coffee,4.5,4.24
Christmas Light Chat,Big Grove Brewery,IPA - New England / Hazy,4.25,4.21
Guinness Draught,Guinness,Stout - Irish Dry,3.5,3.77
Coors Light,Coors Brewing Company,Lager - American Light,2.75,2.42
Hopslam Ale,Bell's Brewery,IPA - Imperial / Double,4.25,4.27
Bourbon County Brand Café de Olla Stout (2019),Goose Island Beer Co.,Stout - Imperial / Double Coffee,4.5,4.36
Mornin' Delight,Toppling Goliath Brewing Co.,Stout - Imperial / Double Coffee,4.75,4.63
GAZPROM! (2020),Lion Bridge Brewing Company,Stout - Russian Imperial,4.25,4.16
Black Magic Coffee Stout,Firetrucker Brewery,Stout - Coffee,3.75,3.85
Berry Noir,Boulevard Brewing Co.,Sour - Fruited,4.5,3.84
Voodoo Ranger Imperial IPA,New Belgium Brewing Company,IPA - Imperial / Double,4,3.74
Blueberry Pancakes,Barn Town Brewing,Stout - Imperial / Double Milk,4,4.06
Mallow Mooed Marshmallow Milk Stout,Alluvial Brewing Company,Stout - Milk / Sweet,3.75,3.9
The Visitor Imperial Stout,Alluvial Brewing Company,Stout - Imperial / Double,4,3.99
Dogs & Cats Living Together DIPA,Alluvial Brewing Company,IPA - Imperial / Double,4,4
Bike Rack Rumble,Barn Town Brewing,IPA - New England / Hazy,4.25,4.09
12 On Twelve12,Barn Town Brewing,Stout - Imperial / Double,5,4.41
Super Cluster (2019),Lagunitas Brewing Company,IPA - Imperial / Double,3.5,3.85
Double Dry Hop King Sue,Toppling Goliath Brewing Co.,IPA - Imperial / Double New England / Hazy,4.75,4.41
Barrel Aged Cookie Oja,IOWA BREWING Co.,Porter - Baltic,4.5,4.17
Cranberry Sour,Peace Tree Brewing Company,Sour - Fruited,4,3.83
Ayinger Bairisch / Bavarian Pils,Ayinger Privatbrauerei,Pilsner - German,2.75,3.56
Ayinger Altbairisch Dunkel,Ayinger Privatbrauerei,Lager - Munich Dunkel,3.75,3.7
Locked In A Haze,Court Avenue Brewing Company,IPA - New England / Hazy,4.25,3.85
Bourbon County Brand Wheatwine (2019),Goose Island Beer Co.,Wheat Beer - Wheat Wine,4.25,4.18
The UnderCAKEer,Barn Town Brewing,Stout - Imperial / Double Pastry,4.5,4.22
Cahoots Barrel-Aged 5,Cahoots Brewing,Stout - Russian Imperial,4.25,4.26
Bourbon County Brand Mon Chéri Stout (2019),Goose Island Beer Co.,Stout - Imperial / Double,4,4.31
Saison Des Moines With Cranberries and Spruce Tips,Confluence Brewing Company,Farmhouse Ale - Saison,3.5,3.7
Pig’s Blood Pilsner,Fox Brewing Company,Pilsner - Other,1.5,3.21
Oja,IOWA BREWING Co.,Porter - Baltic,3.5,3.79
Slang Du Jour - Blueberry Pancakes,Drekker Brewing Company,Sour - Smoothie / Pastry,4.75,3.85
Bourbon County Brand Stout (2019) 14.7%,Goose Island Beer Co.,Stout - Imperial / Double,5,4.45
Hopocalypse Now,Flix Brewhouse,IPA - New England / Hazy,4,3.77
Freak Parade,Drekker Brewing Company,IPA - Imperial / Double New England / Hazy,4.5,4.11
Oakonut Delight (2019),Lion Bridge Brewing Company,Stout - Imperial / Double,4,4.21
Barrel Aged Maple Pecanye West (2019),Barn Town Brewing,Stout - Imperial / Double Milk,5,4.42
Lost In A Whirlpool,Creature Comforts Brewing Company,IPA - Imperial / Double,4,4.08
Willettized Coffee Stout (2019),Lagunitas Brewing Company,Stout - Imperial / Double Coffee,4.25,4.23
Double Dry Hop Light Speed,Toppling Goliath Brewing Co.,Pale Ale - American,4,3.99
"Ferryman's Fuel Russian Imperial Stout W/ Raw Sugar, Chocolate, & Coffee",Confluence Brewing Company,Stout - Russian Imperial,4,4.08
Ten FIDY,Oskar Blues Brewery,Stout - Imperial / Double,4.25,4.09
Two Hearted Ale,Bell's Brewery,IPA - American,3.75,3.95
Bomb!,Prairie Artisan Ales,Stout - Imperial / Double Coffee,4.25,4.3
Black Cherry Stout,Keg Creek Brewing Company,Stout - Other,4,3.59
Claw Machine,Dimensional Brewing Company,IPA - New England / Hazy,4.5,4.02
Barrel Aged Aurox Imperial Stout (Sumatran Coffee & Maple) -- Batch II (3/13/2019),Alluvial Brewing Company,Stout - Imperial / Double,5,4.38
NITRO Velveteen,Benson Brewery,Stout - Milk / Sweet,3.25,3.96
Honey Golden Ale,Benson Brewery,Golden Ale,3.5,3.72
Petite Sour Raspberry,Crooked Stave Artisan Beer Project,Wild Ale - American,4,4.04
OctoberFest,Samuel Adams,Märzen,3.25,3.61
Canadian Breakfast Stout (CBS) (2019),Founders Brewing Co.,Stout - Imperial / Double Coffee,4.5,4.39
Darkness (2018),Surly Brewing Company,Stout - Russian Imperial,4.5,4.27
Dragon's Milk Reserve: Oatmeal Cookie,New Holland Brewing,Stout - Imperial / Double,4.25,4.15
Funeral Bar Stout - Salted Dark Chocolate,Surly Brewing Company,Stout - Imperial / Double Milk,3.5,3.95
Underground Mountain Brown,Founders Brewing Co.,Brown Ale - Imperial / Double,4.5,4.06
Bourbon County Brand Bramble Rye Stout (2018),Goose Island Beer Co.,Stout - Imperial / Double,4,4.22
Bourbon Barrel-Aged No S'more Imperial Stout,Cahoots Brewing,Stout - Imperial / Double,4,3.95
Parabola (2019),Firestone Walker Brewing Company,Stout - Russian Imperial,4.25,4.38
Blind Pig IPA,Russian River Brewing Company,IPA - American,4.25,4.16
Barrel-Aged Vanilla Bean Stout (2019),Avery Brewing Co.,Stout - Imperial / Double,4,4.05
Fundamental Observation (2019),Bottle Logic Brewing,Stout - Imperial / Double,4.75,4.49
Afternoon Treat,Moksa Brewing Co,Porter - Coffee,4.25,4.15
Persica (2015),Crooked Stave Artisan Beer Project,Wild Ale - American,4.75,4.29
Pliny the Elder,Russian River Brewing Company,IPA - Imperial / Double,4.5,4.5
Anchor California Lager,Anchor Brewing Company,Lager - Pale,3.5,3.39
Anchor Steam Beer,Anchor Brewing Company,California Common,3.75,3.49
Big Daddy IPA,Speakeasy Ales & Lagers,IPA - American,3.5,3.59
Blah Blah Blah IPA,21st Amendment Brewery,IPA - Imperial / Double,4,3.8
Tsingtao,Tsingtao (青岛啤酒) Brewery,Lager - Pale,3,2.88
Angel of the Morning,Marto Brewing Company,Stout - Coffee,4,4.15
Banana Confection,Marto Brewing Company,Sour - Fruited,4,4.24
Triple B (Bourbon Barrel Blonde),Peace Tree Brewing Company,Belgian Strong Golden Ale,3.75,3.92
Darkness (2017),Surly Brewing Company,Stout - Russian Imperial,3.75,4.27
Kentucky Breakfast Stout (KBS),Founders Brewing Co.,Stout - Imperial / Double Coffee,4.5,4.39
Shot In the Dark Coffee Stout,Flix Brewhouse - Des Moines,Stout - Coffee,3.5,3.82
Heady Topper,The Alchemist,IPA - Imperial / Double,5,4.54
Tailwind,Big Grove Brewery,Golden Ale,3.75,3.58
Loopy Lynn,Pulpit Rock Brewing Company,IPA - Imperial / Double,4.5,4.28
Pucker Up Raspberry,Backpocket Brewing,Sour - Berliner Weisse,3.75,3.74
Batch 1122 Hazy Double IPA,Confluence Brewing Company,IPA - Imperial / Double New England / Hazy,4,4.16
Mind Haze,Firestone Walker Brewing Company,IPA - New England / Hazy,3.75,3.77
One Man Mosh Pit (2019),Surly Brewing Company,IPA - New England / Hazy,4.25,4.01
Sumptuous,Pulpit Rock Brewing Company,Sour - Other,4.5,4.26
Sticky Stink Juice,Pulpit Rock Brewing Company,IPA - Imperial / Double,4.5,4.28
Köffee & Doughnuts,Pulpit Rock Brewing Company,Porter - Coffee,4.5,4.26
Term Oil Coconut Pecan,Toppling Goliath Brewing Co.,Stout - Imperial / Double,5,4.46
Mornin' Delight (2019),Toppling Goliath Brewing Co.,Stout - Imperial / Double Coffee,5,4.6
For the Joy of Almonds,Pulpit Rock Brewing Company,Stout - Milk / Sweet,4.5,4.31
Term Oil 19-A,Toppling Goliath Brewing Co.,Stout - Imperial / Double,4.5,4.35
Term Oil 18-B,Toppling Goliath Brewing Co.,Stout - Imperial / Double,4.25,4.41
Pastel a Pie,Pulpit Rock Brewing Company,Stout - Milk / Sweet,4.5,4.23
Big Ed,Big Grove Brewery,IPA - Imperial / Double New England / Hazy,4.5,4.29
The Wizard Gose Style Sour Ale,Confluence Brewing Company,Sour - Traditional Gose,3.5,3.66
Dragon Fandango,Toppling Goliath Brewing Co.,Sour - Fruited,5,4.21
Corndog Ale,Court Avenue Brewing Company,Blonde Ale,3.25,3.06
Funnel Cake Vanilla Ale,Reclaimed Rails Brewing Company,Kölsch,3.75,3.32
Lemonade Stand Gose,Keg Creek Brewing Company,Sour - Traditional Gose,3.75,3.5
Kid Kölsch,New Glarus Brewing Company,Kölsch,3.75,3.8
Satisfaction Jacksin,Ale Asylum,IPA - Imperial / Double,3.5,3.9
Strawberry Rhubarb (2019),New Glarus Brewing Company,Fruit Beer,4.75,4.42
Hawaiian Sunrise,Madhouse Brewing Company,Wild Ale - American,4,3.85
Voodoo Ranger Juicifer IPA,New Belgium Brewing Company,IPA - American,3.5,3.71
Dragon's Milk Reserve: Maple Oak,New Holland Brewing,Stout - Imperial / Double,4,4.2
Tank Puncher IPA,ReUnion Brewery,IPA - New England / Hazy,3.75,3.91
Grapefruit Bohemian,Exile Brewing Company,Sour - Berliner Weisse,3.5,3.78
That’s My Jam Berry Ale,Lake Time Brewery,Fruit Beer,3.5,3.7
Coconut Migration,SingleSpeed Brewing Company,IPA - Imperial / Double,4.25,3.97
Special Pilsner,Capital Brewery,Pilsner - German,3.25,3.42
Twisted Galaxy,Toppling Goliath Brewing Co.,IPA - Imperial / Double,4,4.11
Hawaiiowan Punch,Barn Town Brewing,Sour - Fruited,4.5,4.1
Haze Sesh - Iteration Two,Barn Town Brewing,IPA - New England / Hazy,4.5,3.94
Galaxy Dry Hop Pseudo Sue,Toppling Goliath Brewing Co.,Pale Ale - American,4,4.23
Quadruple Barrel Big Bad Baptist (2018),"Epic Brewing Co. (Utah, Colorado)",Stout - Imperial / Double,4.25,4.34
French Toast Stout,WeldWerks Brewing Co.,Stout - Milk / Sweet,4.5,4.14
Darkness (2016),Surly Brewing Company,Stout - Russian Imperial,4.5,4.36
Drugstore Cowboy,Franklin Street Brewing Company,IPA - New England / Hazy,4.25,3.95
High Life,Miller Brewing Company,Lager - American,2.5,2.7
Neon Hazy IPA,Barn Town Brewing,IPA - New England / Hazy,4,4.07
Over the Ivy Czech-Style Pils,Confluence Brewing Company,Pilsner - Czech,3,3.59
‘Nana Stand Man,Barn Town Brewing,Stout - Imperial / Double Pastry,4.75,4.02
"Playgrounds, Bookworms, & Jelly Bracelets",Barn Town Brewing,Stout - Imperial / Double Pastry,4.5,3.95
Dolphin Sparkles,Toppling Goliath Brewing Co.,IPA - Imperial / Double,4.5,4.05
Sabro DDH Juicy Bits,WeldWerks Brewing Co.,IPA - New England / Hazy,4.5,4.19
Pay It Forward - Citra And Strata,New Image Brewing,IPA - New England / Hazy,5,4.22
Grapefruit Groove,Peace Tree Brewing Company,IPA - American,4,3.84
Surf Zombies,IOWA BREWING Co.,IPA - American,4,3.71
Double Dry Hopped South Side Citra W/ Tangerine And Orange Peel,Confluence Brewing Company,Blonde Ale,4,3.93
Lemon Trail,Exile Brewing Company,Golden Ale,3.75,3.51
Baxter,Toppling Goliath Brewing Co.,IPA - Imperial / Double,4.25,4.03
Barrel Aged Aurox Imperial Stout (Vanilla Bean) -- Batch III (3/11/2019),Alluvial Brewing Company,Stout - Imperial / Double,5,4.28
Totally Naked,New Glarus Brewing Company,Lager - American Light,3.5,3.57
Super Lemon Haze,Flix Brewhouse,IPA - American,4,3.66
Old And In the Way,Thew Brewing Company ,IPA - Imperial / Double,4,3.76
Two Women,New Glarus Brewing Company,Lager - Pale,3.5,3.58
Brewer's Reserve Vanilla Bean Stout,Central Waters Brewing Company,Stout - Imperial / Double,3.5,4.17
Fantasy Factory,Karben⁴ Brewing,IPA - American,3.75,3.85
Ectogasm,Drekker Brewing Company,IPA - New England / Hazy,4.5,4.09
Sioux City Sour (Blood Orange),Jackson Street Brewing,Sour - Other,4,3.89
Scorpius Morchella,Toppling Goliath Brewing Co.,IPA - Imperial / Double,4.25,4.15
Sour Cherry Gose,Peace Tree Brewing Company,Sour - Fruited Gose,3.5,3.77
Tequila Barrel Lime Gose,Peace Tree Brewing Company,Sour - Traditional Gose,4,3.86
Blueberry Boyfriend,Prairie Artisan Ales,Sour - Fruited,4.25,3.75
Peanut Butter Porter,Lake Time Brewery,Porter - American,4,3.89
Tangerine Bohemian,Exile Brewing Company,Sour - Fruited,4,3.93
Aurox Imperial Stout w/ Creme Brulee,Alluvial Brewing Company,Stout - Russian Imperial,4.75,4.19
A-Two-Hoo,SingleSpeed Brewing Company,Sour - Other,3,3.65
Backwoods Bastard,Founders Brewing Co.,Scotch Ale / Wee Heavy,4.25,4.11
Aurox Imperial Stout w/ Maple,Alluvial Brewing Company,Stout - Russian Imperial,4.25,4.3
Aurox Imperial Stout w/ Cholaca and Coconut,Alluvial Brewing Company,Stout - Imperial / Double,4.25,4.27
Big Bad Baptist,"Epic Brewing Co. (Utah, Colorado)",Stout - Imperial / Double Coffee,3.75,4.18
Mornin' Delight (2017),Toppling Goliath Brewing Co.,Stout - Imperial / Double Coffee,4.5,4.52
Aurox Imperial Stout w/ Espresso Chocolate Cake,Alluvial Brewing Company,Stout - Imperial / Double Milk,4.5,4.16
Hawaii '78 Pineapple Sour,Alluvial Brewing Company,Sour - Fruited,3.75,3.93
Nordic Helix IPA,Alluvial Brewing Company,IPA - American,4,4.11
MoMo DIPA,Alluvial Brewing Company,IPA - Imperial / Double,4.5,4.15
C&LM,Goose Island Beer Co.,Shandy / Radler,3.25,2.68
Kentucky Breakfast Stout (KBS) (2019),Founders Brewing Co.,Stout - Imperial / Double Coffee,4.25,4.34
Double Dry Hopped Des Moines IPA,Confluence Brewing Company,IPA - American,4,4.08
Strawberry Rhubarb,Great Divide Brewing Company,Sour - Fruited,3.75,3.74
Briar Patch,Madhouse Brewing Company,Sour - Fruited,4.5,4.06
Carpe Diem (2019),Madhouse Brewing Company,Stout - Imperial / Double,5,4.45
Sundae Fundae,Madhouse Brewing Company,Stout - Imperial / Double,4.75,4.39
Freedom Toast (2018),Madhouse Brewing Company,Scotch Ale / Wee Heavy,4.5,4.34
Double Dry Hopped Des Moines IPA (Huell Melon & Mandarina Bavaria),Confluence Brewing Company,IPA - American,4.5,4.04
A Better Tomorrow,Big Grove Brewery,IPA - Imperial / Double,4.5,4.17
Barrel-Aged Ten FIDY Imperial Stout Aged In Bourbon Barrels (2017),Oskar Blues Brewery,Stout - Imperial / Double,4.5,4.4
Marvelous IPA,Flix Brewhouse - Des Moines,IPA - New England / Hazy,3.25,3.74
Nebulas,Flix Brewhouse,IPA - New England / Hazy,4,3.79
50’s Dad ,Confluence Brewing Company,Stout - Milk / Sweet,4.25,4.1
Blueberry Love Muffin Sour,Barn Town Brewing,Sour - Smoothie / Pastry,4.75,4.18
Move Aside & Let the Mango Through,Barn Town Brewing,Sour - Smoothie / Pastry,4.25,4.26
Chowdah,Barn Town Brewing,IPA - Imperial / Double,4.25,3.98
Rally Round the Family,Barn Town Brewing,IPA - New England / Hazy,4,3.79
Barrel Aged Cicada Killer (w/ Coconut) (2019),Barn Town Brewing,Stout - Imperial / Double,4.5,4.43
Barrel Aged Cicada Killer (2019),Barn Town Brewing,Stout - Imperial / Double,4.5,4.23
Cicada Killer Maple Coffee (2019),Barn Town Brewing,Stout - Imperial / Double,4.5,4.29
Cicada Killer with Maple (2019),Barn Town Brewing,Stout - Imperial / Double,4.5,4.2
Fat Tire,New Belgium Brewing Company,Red Ale - American Amber / Red,3.5,3.58
ChewBOCKa,Confluence Brewing Company,Bock - Doppelbock,3.75,3.8
Hazepocalypse: Nuclear Free Zone,Big Grove Brewery,IPA - New England / Hazy,4.25,3.99
Blood Orange Brew Free! or Die,21st Amendment Brewery,IPA - American,3.75,3.78
Brut IPA,Surly Brewing Company,IPA - Brut,3.75,3.72
Extinction Event - Idaho 7 & Citra,Confluence Brewing Company,IPA - New England / Hazy,4.5,4.17
BA Waffle Stout,Backpocket Brewing,Stout - Imperial / Double Pastry,4.5,4.16
Black Note Stout (2017),Bell's Brewery,Stout - Imperial / Double,4.75,4.38
Kentucky Breakfast Stout (KBS) (2018),Founders Brewing Co.,Stout - Imperial / Double Coffee,4.5,4.4
Smoked Porter (2017),Alaskan Brewing Co.,Smoked Beer,4.25,3.95
Hazepocalypse: Wish You Were Here,Big Grove Brewery,IPA - New England / Hazy,4,4.08
Hopsmack! ,Toppling Goliath Brewing Co.,IPA - Imperial / Double,4.5,4.18
Sir Moch-A-Lot,Exile Brewing Company,Stout - Milk / Sweet,4,3.78
Tropical Burn Mango DIPA,Firetrucker Brewery,IPA - Imperial / Double,4.25,3.85
Uptown IPA,Firetrucker Brewery,IPA - American,3.75,3.57
(512) Whiskey Barrel Aged Double Pecan Porter,(512) Brewing Company,Porter - Imperial / Double,4.25,4.19
Electric Jellyfish,Pinthouse Pizza,IPA - New England / Hazy,4.25,4.08
Hazepocalypse: Survival Kit ,Big Grove Brewery,IPA - Imperial / Double New England / Hazy,4.25,4.07
Pulp Non-Fiction,Barn Town Brewing,IPA - New England / Hazy,4.5,4.12
Fountain of Youth,Madhouse Brewing Company,Wild Ale - American,4,4.02
Freedom Toast (2019),Madhouse Brewing Company,Scotch Ale / Wee Heavy,4.25,4.42
Mornin' Latte Imperial Coffee Milk Stout,Toppling Goliath Brewing Co.,Stout - Imperial / Double Milk,4.5,4.08
Hazepocalypse: Duck And Cover,Big Grove Brewery,IPA - New England / Hazy,3.75,4.12
Hopslam Ale (2019),Bell's Brewery,IPA - Imperial / Double,4.25,4.23
Stone IPA,Stone Brewing,IPA - American,4,3.76
Passion Fruit Nectar,Redstone Meadery,Mead - Melomel,4,3.63
Boxcar Speedway Stout,AleSmith Brewing Company,Stout - Imperial / Double Coffee,4.75,4.33
The Pupil,Societe Brewing Company,IPA - American,4,3.98
Blood Orange Wit,Refuge Brewery,Wheat Beer - Witbier / Blanche,3.5,3.58
Peanut Butter Milk Stout,Belching Beaver Brewery,Stout - Milk / Sweet,4.5,4
Orderville,Modern Times Beer,IPA - New England / Hazy,3.75,3.92
Corona Light,Grupo Modelo,Lager - Mexican,1.25,2.79
Duet,Alpine Beer Company,IPA - American,4,3.96
Hill Hopper Pale Ale,Confluence Brewing Company,Pale Ale - American,4,3.87
6th Anniversary Stout,Backpocket Brewing,Stout - Russian Imperial,5,4.33
Shiner S'More,Spoetzl Brewery,Brown Ale - American,4.25,3.62
Dragon's Milk Reserve: Orange Chocolate,New Holland Brewing,Stout - Imperial / Double,3.75,3.7
Vanilla Noir,Prairie Artisan Ales,Stout - Imperial / Double Oatmeal,4.5,4.28
Vanilla Big Hugs,Half Acre Beer Company,Stout - Imperial / Double,4.25,4.04
Rhythm Is Life,Mikerphone Brewing,Stout - Imperial / Double,4.25,4.12
The Nuttiest Professor,Avery Brewing Co.,Stout - Imperial / Double,4,4.18
Cran-bic (2018),New Glarus Brewing Company,Lambic - Fruit,4,4.14
"Hazepocalypse: Peace, Freedom, And Bacon & Eggs",Big Grove Brewery,IPA - Imperial / Double New England / Hazy,4.5,4.14
Jesus On A Forklift,Exile Brewing Company,Stout - Imperial / Double,4.5,4.06
Dragon's Milk Reserve: S’mores (2018),New Holland Brewing,Stout - Imperial / Double,4,4.26
Supa' Sumo,Toppling Goliath Brewing Co.,IPA - Imperial / Double,4.5,4.26
Salted Caramel Latte Stout,Jackson Street Brewing,Stout - Imperial / Double Coffee,4.5,4.22
Bourbon County Brand Midnight Orange Stout (2018),Goose Island Beer Co.,Stout - Imperial / Double,4.75,4.28
Li'l Tart,515 Brewing Company,Sour - Berliner Weisse,4,3.46
Double Dry Hop Pseudo Sue,Toppling Goliath Brewing Co.,Pale Ale - New England / Hazy,4.75,4.33
Flagchip,Barn Town Brewing,Stout - Imperial / Double Milk,4.5,4.01
Even More Jesus Bourbon Maple Syrup Barrel-Aged,Evil Twin Brewing,Stout - Imperial / Double,4.25,4.33
El Jefe (2015),Madhouse Brewing Company,Stout - Imperial / Double,4.25,4.1
Raspberry Tart,New Glarus Brewing Company,Lambic - Framboise,4.5,4.2
"Gamma, Gamma Ray!",Toppling Goliath Brewing Co.,IPA - Imperial / Double New England / Hazy,4.25,4.09
Spotted Cow,New Glarus Brewing Company,Farmhouse Ale - Other,3,3.89
V.I.P. (2018),Madhouse Brewing Company,Porter - Imperial / Double,4.75,4.35
Batch 1000 Hazy Double IPA,Confluence Brewing Company,IPA - Imperial / Double New England / Hazy,4,4.1
Pomegranate Bohemian,Exile Brewing Company,Sour - Berliner Weisse,4.25,3.87
Barrel-Aged Pentagram,Surly Brewing Company,Sour - Other,4.5,4.09
Sosus,Toppling Goliath Brewing Co.,IPA - Imperial / Double,4.5,4.26
Candy Is Dandy,Flix Brewhouse,Porter - Other,3.75,3.62
Enthusiast Double IPA,Flix Brewhouse,IPA - Imperial / Double New England / Hazy,3.25,3.88
Cicada Killer (Red) (2018),Barn Town Brewing,Stout - Imperial / Double,4,4.09
Appaloosa,Barn Town Brewing,IPA - New England / Hazy,4.5,4.11
Gold Coin,Backpocket Brewing,Lager - Helles,3.5,3.45
Ruthie,Exile Brewing Company,Lager - Pale,3.5,3.59
Life Is Rhythm,Barn Town Brewing,Stout - Imperial / Double Milk,4.25,3.98
Pineapple Leche,Backpocket Brewing,IPA - Milkshake,4,4.01
Willettized Coffee Stout (2018),Lagunitas Brewing Company,Stout - Imperial / Double Coffee,4,4.2
Dragon's Milk Reserve: Banana Coconut,New Holland Brewing,Stout - Imperial / Double,4,4.09
Wake the F Up Iowa,Backpocket Brewing,Stout - Imperial / Double Coffee,4.5,4.2
Bourbon County Brand Coffee Barleywine (2018),Goose Island Beer Co.,Barleywine - English,4.75,4.29
Looky Looky,Barn Town Brewing,IPA - Imperial / Double New England / Hazy,4.5,4.16
Bourbon Barrel-Aged Ten FIDY (2018),Oskar Blues Brewery,Stout - Imperial / Double,4.75,4.38
Old Brompton English Barleywine,Court Avenue Brewing Company,Barleywine - English,4,3.81
The Series #8 - Tropical IPA,Court Avenue Brewing Company,IPA - American,4,3.69
CABCo. Session Ale,Court Avenue Brewing Company,Blonde Ale,2.75,3.4
Honest Lawyer IPA,Court Avenue Brewing Company,IPA - American,4,3.53
Heads Will Roll,Mikerphone Brewing,IPA - American,4.25,4.12
Bourbon County Brand Stout (2018) 14.7%,Goose Island Beer Co.,Stout - Imperial / Double,5,4.47
Beatnik Sour,Exile Brewing Company,Sour - Berliner Weisse,4,3.7
Serendipity,New Glarus Brewing Company,Fruit Beer,4,4.2
Cocoa Mint Milk Stout,SingleSpeed Brewing Company,Stout - Milk / Sweet,4,3.7
Moon Man,New Glarus Brewing Company,Pale Ale - American,3.75,3.83
Harvest Ale,Founders Brewing Co.,IPA - American,4,3.93
Easy Eddy,Big Grove Brewery,IPA - New England / Hazy,4.5,3.94
Bud Light,Anheuser-Busch,Lager - American Light,0.25,2.33
Darkness,Surly Brewing Company,Stout - Russian Imperial,4.5,4.2
Killer Queen,Flix Brewhouse,IPA - Brut,3.75,3.53
Triwizard Tripel,Flix Brewhouse - Des Moines,Belgian Tripel,4,3.84
Zach's Mexican Donuts,SingleSpeed Brewing Company,Stout - Oatmeal,4,3.95
OG,Peace Tree Brewing Company,Sour - Fruited Gose,4,3.72
Drumroll,Odell Brewing Co.,Pale Ale - New England / Hazy,3.75,3.75
SeaQuench Ale,Dogfish Head Craft Brewery,Sour - Fruited Gose,3.75,3.7
Foeder John's Sour Ale,Confluence Brewing Company,Sour - Other,3.75,3.66
Turtle Hunter,Big Grove Brewery,IPA - New England / Hazy,4.5,4.11
Changeling - Dark Sour Ale,Boulevard Brewing Co.,Wild Ale - American,4.5,3.97
Dark Infusion Coffee Milk Stout,Summit Brewing Company,Stout - Imperial / Double Milk,4,4.03
Breakfast Stout,Founders Brewing Co.,Stout - Oatmeal,4,4.12
Brown Shugga',Lagunitas Brewing Company,Strong Ale - American,3,3.74
Acova Black Walnut Ale,Firetrucker Brewery,Brown Ale - American,4,3.79
Sobremesa Stout,Exile Brewing Company,Stout - Other,4,3.74
Color TV,Big Grove Brewery,IPA - Imperial / Double New England / Hazy,4.25,4.25
lo-pHizzibility,SingleSpeed Brewing Company,Sour - Berliner Weisse,3.75,3.81
Coconut CocO Stout,West O Beer,Stout - American,4,3.83
"Fire, Skulls & Money",Toppling Goliath Brewing Co.,IPA - New England / Hazy,4.75,4.22
Canadian Breakfast Stout (CBS) (2017),Founders Brewing Co.,Stout - Imperial / Double Coffee,5,4.52
Chocolate Peanut Butter Treat,Jackson Street Brewing,Porter - Imperial / Double,4.25,4.12
Extinction Event - Cashmere & Mosaic,Confluence Brewing Company,IPA - New England / Hazy,4,4.06
Des Moines IPA,Confluence Brewing Company,IPA - American,3.75,3.77
Tip the Cow,SingleSpeed Brewing Company,Stout - Coffee,4,3.97
Radial IPA,Infusion Brewing Company,IPA - American,3,3.6
Canadian Breakfast Stout (CBS) (2018),Founders Brewing Co.,Stout - Imperial / Double Coffee,5,4.44
Jeremy and the Giant Peach,SingleSpeed Brewing Company,Sour - Fruited,4,3.7
Golden Nugget,Toppling Goliath Brewing Co.,IPA - American,4.5,3.99
CocO Stout,West O Beer,Stout - Milk / Sweet,4,3.9
Pseudo Sue,Toppling Goliath Brewing Co.,Pale Ale - American,4.25,4.13
Barrel Aged Oktoberfest,Millstream Brewing,Märzen,4,3.96
Des Moines 26.2 Brew,Samuel Adams,Wheat Beer - Witbier / Blanche,5,3.34
Axe Man,Surly Brewing Company,IPA - American,4,4.13
Curmudgeon’s Better Half (2018),Founders Brewing Co.,Old Ale,3.75,4.17
Lemon Blueberry Bar,Backpocket Brewing,Sour - Smoothie / Pastry,4.5,3.87
Umbra Chocostout,Flix Brewhouse,Stout - Milk / Sweet,3.75,3.74
C Is For Cherry,Evil Twin Brewing,Sour - Fruited Gose,4,3.82
Summer Jam,Big Grove Brewery,Sour - Fruited Berliner Weisse,4,3.9
Strawberry Cream Pop,Decadent Ales,IPA - Imperial / Double Milkshake,3.75,3.86
Ekuanot Touch This NEIPA,5ive Cities Brewing,IPA - New England / Hazy,3.75,3.79
Brewer's Reserve Cassian Sunset (2018),Central Waters Brewing Company,Stout - Imperial / Double Coffee,4.25,4.27
Thresher,Toppling Goliath Brewing Co.,Wheat Beer - American Pale Wheat,4,3.97
Milkshake IPA,Untitled Art,IPA - Milkshake,4,4.15
Bourbon County Brand Stout,Goose Island Beer Co.,Stout - Imperial / Double,5,4.38
Pompeii,Toppling Goliath Brewing Co.,IPA - American,4.25,4.04
IPA,Lagunitas Brewing Company,IPA - American,3.5,3.71
S’mores Porter,Backpocket Brewing,Porter - American,3.75,3.64
OJ IPA,515 Brewing Company,Wheat Beer - American Pale Wheat,4,3.88
Stone Xocoveza,Stone Brewing,Stout - Imperial / Double Milk,4.25,4.03
Oktoberfest,Exile Brewing Company,Märzen,3,3.72
Carpe Diem (2018),Madhouse Brewing Company,Stout - Imperial / Double,5,4.5
Maple Pecanye West,Barn Town Brewing,Stout - Imperial / Double Milk,4.75,4.26
Willettized Coffee Stout (2017),Lagunitas Brewing Company,Stout - Imperial / Double Coffee,4.75,4.23
Cucumber Crush,10 Barrel Brewing Co.,Sour - Berliner Weisse,4,3.79
Abraxxxas,Freigeist Bierkultur,Historical Beer - Lichtenhainer,4,3.49
Decorah's Sweetheart,Pulpit Rock Brewing Company,IPA - American,4.5,4.2
G.C. Nebula,Exile Brewing Company,IPA - Imperial / Double,4,3.99
Saftshake,Pulpit Rock Brewing Company,IPA - New England / Hazy,4.25,4.22
Rhyme Animal,Pulpit Rock Brewing Company,IPA - Imperial / Double,5,4.3
A House Divided,Backpocket Brewing,IPA - New England / Hazy,4,3.92
Sunkissed Sour,Kalona Brewing Company,Sour - Other,4,3.45
King Sue,Toppling Goliath Brewing Co.,IPA - Imperial / Double New England / Hazy,4.75,4.32
Busch Light,Anheuser-Busch,Lager - American Light,3,2.55
Candy Shane Stout,Rock Bottom Restaurant & Brewery,Stout - American,2,3.38
